﻿<?xml version="1.0" encoding="UTF-8" standalone="yes"?>
<?xml-stylesheet href="testLogFile.xsl" type="text/xsl"?>
<TestReport>
  <Name>Testspec 8.03 - ProcessData</Name>
  <StartTime>01.06.2021 17:26:22</StartTime>
  <EndTime>01.06.2021 17:26:41</EndTime>
  <Tests>
    <Test Number="GE 0000">
      <Name>Test-Tool-Version</Name>
      <Description>Notes the version of the Test-Tool in the LogFile</Description>
      <Finished>True</Finished>
      <Lines>
        <Line>
          <Time>17:26:22,647</Time>
          <Text>_________Start Test: Test GE 0000 - Test-Tool-Version</Text>
          <State>enSTE_OK</State>
        </Line>
        <Line>
          <Time>17:26:22,647</Time>
          <Text>Version of the Test-Tool: 1.0.1.0.673921076</Text>
          <State>enSTE_OK</State>
        </Line>
        <Line>
          <Time>17:26:22,647</Time>
          <Text>Master Stack Version: 0.0.0.0</Text>
          <State>enSTE_OK</State>
        </Line>
        <Line>
          <Time>17:26:22,647</Time>
          <Text>Master App Version: 0.0.0</Text>
          <State>enSTE_OK</State>
        </Line>
        <Line>
          <Time>17:26:22,647</Time>
          <Text>Master Hardware Version: 0.0</Text>
          <State>enSTE_OK</State>
        </Line>
        <Line>
          <Time>17:26:22,648</Time>
          <Text>192.168.0.6: IO-LINK Device: Get Version</Text>
          <State>enSTE_OK</State>
        </Line>
        <Line>
          <Time>17:26:22,648</Time>
          <Text>Device Stack Version: 1.0.1.52800</Text>
          <State>enSTE_OK</State>
        </Line>
        <Line>
          <Time>17:26:22,648</Time>
          <Text>Device App Version: 1.1.3462478820</Text>
          <State>enSTE_OK</State>
        </Line>
        <Line>
          <Time>17:26:22,648</Time>
          <Text>Device Hardware Version: 102.0</Text>
          <State>enSTE_OK</State>
        </Line>
        <Line>
          <Time>17:26:22,648</Time>
          <Text>Finished Test: Test GE 0000 - Test-Tool-Version</Text>
          <State>enSTE_OK</State>
        </Line>
      </Lines>
    </Test>
    <Test Number="GE 0001">
      <Name>Init</Name>
      <Description>Init Hardware</Description>
      <Finished>True</Finished>
      <Lines>
        <Line>
          <Time>17:26:22,648</Time>
          <Text>_________Start Test: Test GE 0001 - Init</Text>
          <State>enSTE_OK</State>
        </Line>
        <Line>
          <Time>17:26:22,648</Time>
          <Text>Set Master Ports to inactive</Text>
          <State>enSTE_OK</State>
        </Line>
        <Line>
          <Time>17:26:22,966</Time>
          <Text>192.168.0.6: IO-LINK Device Set Wireshark</Text>
          <State>enSTE_OK</State>
        </Line>
        <Line>
          <Time>17:26:23,981</Time>
          <Text>Set Device Ports to inactive</Text>
          <State>enSTE_OK</State>
        </Line>
        <Line>
          <Time>17:26:23,981</Time>
          <Text>192.168.0.6: IO-LINK Device Port 0: Set Device Mode IOL_eDeviceMode_IDLE Result: IOL_eErrorInfo_NONE</Text>
          <State>enSTE_OK</State>
        </Line>
        <Line>
          <Time>17:26:23,982</Time>
          <Text>192.168.0.6: IO-LINK Device Port 0: Init Result IOL_eErrorInfo_NONE</Text>
          <State>enSTE_OK</State>
        </Line>
        <Line>
          <Time>17:26:23,981</Time>
          <Text>192.168.0.6: IO-LINK Device Mode Ind 0: Mode IOL_eDeviceMode_IDLE</Text>
          <State>enSTE_OK</State>
        </Line>
        <Line>
          <Time>17:26:23,983</Time>
          <Text>192.168.0.6: IO-LINK Device Port 0: Set TestCase</Text>
          <State>enSTE_OK</State>
        </Line>
        <Line>
          <Time>17:26:23,983</Time>
          <Text>192.168.0.6: IO-LINK Device Port 0: Set Device Mode IOL_eDeviceMode_SIO Result: IOL_eErrorInfo_NONE</Text>
          <State>enSTE_OK</State>
        </Line>
        <Line>
          <Time>17:26:23,983</Time>
          <Text>192.168.0.6: IO-LINK Device Mode Ind 0: Mode IOL_eDeviceMode_SIO</Text>
          <State>enSTE_OK</State>
        </Line>
        <Line>
          <Time>17:26:23,983</Time>
          <Text>192.168.0.6: IO-LINK Device Port 0: Set Input Res Valid: False</Text>
          <State>enSTE_OK</State>
        </Line>
        <Line>
          <Time>17:26:23,984</Time>
          <Text>192.168.0.6: IO-LINK Device Port 1: Set Device Mode IOL_eDeviceMode_IDLE Result: IOL_eErrorInfo_NONE</Text>
          <State>enSTE_OK</State>
        </Line>
        <Line>
          <Time>17:26:23,985</Time>
          <Text>192.168.0.6: IO-LINK Device Port 1: Init Result IOL_eErrorInfo_NONE</Text>
          <State>enSTE_OK</State>
        </Line>
        <Line>
          <Time>17:26:23,984</Time>
          <Text>192.168.0.6: IO-LINK Device Mode Ind 1: Mode IOL_eDeviceMode_IDLE</Text>
          <State>enSTE_OK</State>
        </Line>
        <Line>
          <Time>17:26:23,985</Time>
          <Text>192.168.0.6: IO-LINK Device Port 1: Set TestCase</Text>
          <State>enSTE_OK</State>
        </Line>
        <Line>
          <Time>17:26:23,985</Time>
          <Text>192.168.0.6: IO-LINK Device Port 1: Set Device Mode IOL_eDeviceMode_SIO Result: IOL_eErrorInfo_NONE</Text>
          <State>enSTE_OK</State>
        </Line>
        <Line>
          <Time>17:26:23,986</Time>
          <Text>192.168.0.6: IO-LINK Device Mode Ind 1: Mode IOL_eDeviceMode_SIO</Text>
          <State>enSTE_OK</State>
        </Line>
        <Line>
          <Time>17:26:23,985</Time>
          <Text>192.168.0.6: IO-LINK Device Port 1: Set Input Res Valid: False</Text>
          <State>enSTE_OK</State>
        </Line>
        <Line>
          <Time>17:26:23,987</Time>
          <Text>192.168.0.6: IO-LINK Device Port 2: Set Device Mode IOL_eDeviceMode_IDLE Result: IOL_eErrorInfo_NONE</Text>
          <State>enSTE_OK</State>
        </Line>
        <Line>
          <Time>17:26:23,987</Time>
          <Text>192.168.0.6: IO-LINK Device Mode Ind 2: Mode IOL_eDeviceMode_IDLE</Text>
          <State>enSTE_OK</State>
        </Line>
        <Line>
          <Time>17:26:23,988</Time>
          <Text>192.168.0.6: IO-LINK Device Port 2: Set Device Mode IOL_eDeviceMode_SIO Result: IOL_eErrorInfo_NONE</Text>
          <State>enSTE_OK</State>
        </Line>
        <Line>
          <Time>17:26:23,987</Time>
          <Text>192.168.0.6: IO-LINK Device Port 2: Init Result IOL_eErrorInfo_NONE</Text>
          <State>enSTE_OK</State>
        </Line>
        <Line>
          <Time>17:26:23,991</Time>
          <Text>192.168.0.6: IO-LINK Device Mode Ind 2: Mode IOL_eDeviceMode_SIO</Text>
          <State>enSTE_OK</State>
        </Line>
        <Line>
          <Time>17:26:23,992</Time>
          <Text>192.168.0.6: IO-LINK Device Port 2: Set TestCase</Text>
          <State>enSTE_OK</State>
        </Line>
        <Line>
          <Time>17:26:23,992</Time>
          <Text>192.168.0.6: IO-LINK Device Port 2: Set Input Res Valid: False</Text>
          <State>enSTE_OK</State>
        </Line>
        <Line>
          <Time>17:26:24,502</Time>
          <Text>Set Default Listener</Text>
          <State>enSTE_OK</State>
        </Line>
        <Line>
          <Time>17:26:24,502</Time>
          <Text>192.168.0.6: IO-LINK Device Set Abort Listener</Text>
          <State>enSTE_OK</State>
        </Line>
        <Line>
          <Time>17:26:24,503</Time>
          <Text>192.168.0.6: IO-LINK Device Set Read Listener</Text>
          <State>enSTE_OK</State>
        </Line>
        <Line>
          <Time>17:26:24,504</Time>
          <Text>192.168.0.6: IO-LINK Device Set Write Listener</Text>
          <State>enSTE_OK</State>
        </Line>
        <Line>
          <Time>17:26:24,504</Time>
          <Text>192.168.0.6: IO-LINK Device Set Mode Listener</Text>
          <State>enSTE_OK</State>
        </Line>
        <Line>
          <Time>17:26:24,504</Time>
          <Text>Finished Test: Test GE 0001 - Init</Text>
          <State>enSTE_OK</State>
        </Line>
      </Lines>
    </Test>
    <Test Number="SDCI_TC_0168">
      <Name>Type 2_1 for 8bit PD In</Name>
      <Description>Check for Type 2_1 Telegramm if Device has 8 bit PD Input Data</Description>
      <Finished>True</Finished>
      <Lines>
        <Line>
          <Time>17:26:24,505</Time>
          <Text>_________Start Test: Test SDCI_TC_0168 - Type 2_1 for 8bit PD In</Text>
          <State>enSTE_OK</State>
        </Line>
        <Line>
          <Time>17:26:24,508</Time>
          <Text>Set Device config</Text>
          <State>enSTE_OK</State>
        </Line>
        <Line>
          <Time>17:26:24,509</Time>
          <Text>192.168.0.6: IO-LINK Device Mode Ind 0: Mode IOL_eDeviceMode_IDLE</Text>
          <State>enSTE_OK</State>
        </Line>
        <Line>
          <Time>17:26:24,509</Time>
          <Text>192.168.0.6: IO-LINK Device Port 0: Set Device Mode IOL_eDeviceMode_SIO Result: IOL_eErrorInfo_NONE</Text>
          <State>enSTE_OK</State>
        </Line>
        <Line>
          <Time>17:26:24,509</Time>
          <Text>192.168.0.6: IO-LINK Device Mode Ind 0: Mode IOL_eDeviceMode_SIO</Text>
          <State>enSTE_OK</State>
        </Line>
        <Line>
          <Time>17:26:24,509</Time>
          <Text>192.168.0.6: IO-LINK Device Port 0: Set Device Mode IOL_eDeviceMode_IDLE Result: IOL_eErrorInfo_NONE</Text>
          <State>enSTE_OK</State>
        </Line>
        <Line>
          <Time>17:26:24,510</Time>
          <Text>192.168.0.6: IO-LINK Device Port 0: Init Result IOL_eErrorInfo_NONE</Text>
          <State>enSTE_OK</State>
        </Line>
        <Line>
          <Time>17:26:24,510</Time>
          <Text>192.168.0.6: IO-LINK Device Mode Ind 0: Mode IOL_eDeviceMode_SIO</Text>
          <State>enSTE_OK</State>
        </Line>
        <Line>
          <Time>17:26:24,510</Time>
          <Text>192.168.0.6: IO-LINK Device Port 0: Set Device Mode IOL_eDeviceMode_SIO Result: IOL_eErrorInfo_NONE</Text>
          <State>enSTE_OK</State>
        </Line>
        <Line>
          <Time>17:26:24,512</Time>
          <Text>192.168.0.6: IO-LINK Device Set Wireshark</Text>
          <State>enSTE_OK</State>
        </Line>
        <Line>
          <Time>17:26:24,512</Time>
          <Text>Start Master</Text>
          <State>enSTE_OK</State>
        </Line>
        <Line>
          <Time>17:26:24,520</Time>
          <Text>192.168.0.6: IO-LINK Device Mode Ind 0: Mode IOL_eDeviceMode_ESTABCOM</Text>
          <State>enSTE_OK</State>
        </Line>
        <Line>
          <Time>17:26:24,522</Time>
          <Text>192.168.0.6: IO-LINK Device Mode Ind 0: Mode IOL_eDeviceMode_COMx</Text>
          <State>enSTE_OK</State>
        </Line>
        <Line>
          <Time>17:26:24,522</Time>
          <Text>192.168.0.6: IO-LINK Device Mode Ind 0: Mode IOL_eDeviceMode_STARTUP</Text>
          <State>enSTE_OK</State>
        </Line>
        <Line>
          <Time>17:26:24,574</Time>
          <Text>192.168.0.6: IO-LINK Device Mode Ind 0: Mode IOL_eDeviceMode_IDENT_STARTUP</Text>
          <State>enSTE_OK</State>
        </Line>
        <Line>
          <Time>17:26:24,654</Time>
          <Text>192.168.0.6: IO-LINK Device Mode Ind 0: Mode IOL_eDeviceMode_PREOPERATE</Text>
          <State>enSTE_OK</State>
        </Line>
        <Line>
          <Time>17:26:24,667</Time>
          <Text>192.168.0.6: IO-LINK Device Port 0: AL Read Index 21 Subindex 0</Text>
          <State>enSTE_OK</State>
        </Line>
        <Line>
          <Time>17:26:24,668</Time>
          <Text>192.168.0.6: IO-LINK Device Port 0: AL Read Res: 0</Text>
          <State>enSTE_OK</State>
        </Line>
        <Line>
          <Time>17:26:24,818</Time>
          <Text>192.168.0.6: IO-LINK Device Mode Ind 0: Mode IOL_eDeviceMode_OPERATE</Text>
          <State>enSTE_OK</State>
        </Line>
        <Line>
          <Time>17:26:25,083</Time>
          <Text>Stop Communication</Text>
          <State>enSTE_OK</State>
        </Line>
        <Line>
          <Time>17:26:25,410</Time>
          <Text>192.168.0.6: IO-LINK Device Mode Ind 0: Mode IOL_eDeviceMode_IDLE</Text>
          <State>enSTE_OK</State>
        </Line>
        <Line>
          <Time>17:26:25,410</Time>
          <Text>192.168.0.6: IO-LINK Device Port 0: Set Device Mode IOL_eDeviceMode_SIO Result: IOL_eErrorInfo_NONE</Text>
          <State>enSTE_OK</State>
        </Line>
        <Line>
          <Time>17:26:25,410</Time>
          <Text>192.168.0.6: IO-LINK Device Mode Ind 0: Mode IOL_eDeviceMode_SIO</Text>
          <State>enSTE_OK</State>
        </Line>
        <Line>
          <Time>17:26:25,623</Time>
          <Text>192.168.0.6: IO-LINK Device Set Wireshark</Text>
          <State>enSTE_OK</State>
        </Line>
        <Line>
          <Time>17:26:25,625</Time>
          <Text>192.168.0.6: IO-LINK Device Port 0: Init Result IOL_eErrorInfo_NONE</Text>
          <State>enSTE_OK</State>
        </Line>
        <Line>
          <Time>17:26:25,625</Time>
          <Text>Received 100 Frames </Text>
          <State>enSTE_OK</State>
        </Line>
        <Line>
          <Time>17:26:25,625</Time>
          <Text>Selected Frame: 17:26:25,019 Master: F1-94 Device: 00-00-75</Text>
          <State>enSTE_OK</State>
        </Line>
        <Line>
          <Time>17:26:25,625</Time>
          <Text>Use correct Frametype: IOL_eMSequence_TYPE_2</Text>
          <State>enSTE_OK</State>
        </Line>
        <Line>
          <Time>17:26:25,625</Time>
          <Text>Got Correct Frame Type Type_2_1</Text>
          <State>enSTE_OK</State>
        </Line>
        <Line>
          <Time>17:26:25,625</Time>
          <Text>Frame checksums ok</Text>
          <State>enSTE_OK</State>
        </Line>
        <Line>
          <Time>17:26:25,625</Time>
          <Text>Finished Test: Test SDCI_TC_0168 - Type 2_1 for 8bit PD In</Text>
          <State>enSTE_OK</State>
        </Line>
      </Lines>
    </Test>
    <Test Number="SDCI_TC_0169">
      <Name>Type 2_2 for 16bit PD In</Name>
      <Description>Check for Type 2_1 Telegramm if Device has 16 bit PD Input Data</Description>
      <Finished>True</Finished>
      <Lines>
        <Line>
          <Time>17:26:25,625</Time>
          <Text>_________Start Test: Test SDCI_TC_0169 - Type 2_2 for 16bit PD In</Text>
          <State>enSTE_OK</State>
        </Line>
        <Line>
          <Time>17:26:25,626</Time>
          <Text>Set Device config</Text>
          <State>enSTE_OK</State>
        </Line>
        <Line>
          <Time>17:26:25,626</Time>
          <Text>192.168.0.6: IO-LINK Device Mode Ind 0: Mode IOL_eDeviceMode_IDLE</Text>
          <State>enSTE_OK</State>
        </Line>
        <Line>
          <Time>17:26:25,626</Time>
          <Text>192.168.0.6: IO-LINK Device Port 0: Set Device Mode IOL_eDeviceMode_IDLE Result: IOL_eErrorInfo_NONE</Text>
          <State>enSTE_OK</State>
        </Line>
        <Line>
          <Time>17:26:25,627</Time>
          <Text>192.168.0.6: IO-LINK Device Port 0: Set Device Mode IOL_eDeviceMode_SIO Result: IOL_eErrorInfo_NONE</Text>
          <State>enSTE_OK</State>
        </Line>
        <Line>
          <Time>17:26:25,627</Time>
          <Text>192.168.0.6: IO-LINK Device Mode Ind 0: Mode IOL_eDeviceMode_SIO</Text>
          <State>enSTE_OK</State>
        </Line>
        <Line>
          <Time>17:26:25,627</Time>
          <Text>192.168.0.6: IO-LINK Device Port 0: Init Result IOL_eErrorInfo_NONE</Text>
          <State>enSTE_OK</State>
        </Line>
        <Line>
          <Time>17:26:25,629</Time>
          <Text>192.168.0.6: IO-LINK Device Mode Ind 0: Mode IOL_eDeviceMode_SIO</Text>
          <State>enSTE_OK</State>
        </Line>
        <Line>
          <Time>17:26:25,629</Time>
          <Text>192.168.0.6: IO-LINK Device Port 0: Set Device Mode IOL_eDeviceMode_SIO Result: IOL_eErrorInfo_NONE</Text>
          <State>enSTE_OK</State>
        </Line>
        <Line>
          <Time>17:26:25,632</Time>
          <Text>192.168.0.6: IO-LINK Device Set Wireshark</Text>
          <State>enSTE_OK</State>
        </Line>
        <Line>
          <Time>17:26:25,632</Time>
          <Text>Start Master</Text>
          <State>enSTE_OK</State>
        </Line>
        <Line>
          <Time>17:26:25,641</Time>
          <Text>192.168.0.6: IO-LINK Device Mode Ind 0: Mode IOL_eDeviceMode_ESTABCOM</Text>
          <State>enSTE_OK</State>
        </Line>
        <Line>
          <Time>17:26:25,643</Time>
          <Text>192.168.0.6: IO-LINK Device Mode Ind 0: Mode IOL_eDeviceMode_COMx</Text>
          <State>enSTE_OK</State>
        </Line>
        <Line>
          <Time>17:26:25,643</Time>
          <Text>192.168.0.6: IO-LINK Device Mode Ind 0: Mode IOL_eDeviceMode_STARTUP</Text>
          <State>enSTE_OK</State>
        </Line>
        <Line>
          <Time>17:26:25,694</Time>
          <Text>192.168.0.6: IO-LINK Device Mode Ind 0: Mode IOL_eDeviceMode_IDENT_STARTUP</Text>
          <State>enSTE_OK</State>
        </Line>
        <Line>
          <Time>17:26:25,774</Time>
          <Text>192.168.0.6: IO-LINK Device Mode Ind 0: Mode IOL_eDeviceMode_PREOPERATE</Text>
          <State>enSTE_OK</State>
        </Line>
        <Line>
          <Time>17:26:25,788</Time>
          <Text>192.168.0.6: IO-LINK Device Port 0: AL Read Index 21 Subindex 0</Text>
          <State>enSTE_OK</State>
        </Line>
        <Line>
          <Time>17:26:25,788</Time>
          <Text>192.168.0.6: IO-LINK Device Port 0: AL Read Res: 0</Text>
          <State>enSTE_OK</State>
        </Line>
        <Line>
          <Time>17:26:25,908</Time>
          <Text>192.168.0.6: IO-LINK Device Mode Ind 0: Mode IOL_eDeviceMode_OPERATE</Text>
          <State>enSTE_OK</State>
        </Line>
        <Line>
          <Time>17:26:26,168</Time>
          <Text>Stop Communication</Text>
          <State>enSTE_OK</State>
        </Line>
        <Line>
          <Time>17:26:26,499</Time>
          <Text>192.168.0.6: IO-LINK Device Mode Ind 0: Mode IOL_eDeviceMode_IDLE</Text>
          <State>enSTE_OK</State>
        </Line>
        <Line>
          <Time>17:26:26,499</Time>
          <Text>192.168.0.6: IO-LINK Device Port 0: Set Device Mode IOL_eDeviceMode_SIO Result: IOL_eErrorInfo_NONE</Text>
          <State>enSTE_OK</State>
        </Line>
        <Line>
          <Time>17:26:26,499</Time>
          <Text>192.168.0.6: IO-LINK Device Mode Ind 0: Mode IOL_eDeviceMode_SIO</Text>
          <State>enSTE_OK</State>
        </Line>
        <Line>
          <Time>17:26:26,711</Time>
          <Text>192.168.0.6: IO-LINK Device Set Wireshark</Text>
          <State>enSTE_OK</State>
        </Line>
        <Line>
          <Time>17:26:26,713</Time>
          <Text>192.168.0.6: IO-LINK Device Port 0: Init Result IOL_eErrorInfo_NONE</Text>
          <State>enSTE_OK</State>
        </Line>
        <Line>
          <Time>17:26:26,713</Time>
          <Text>Received 100 Frames </Text>
          <State>enSTE_OK</State>
        </Line>
        <Line>
          <Time>17:26:26,713</Time>
          <Text>Selected Frame: 17:26:26,139 Master: F1-94 Device: 00-00-00-75</Text>
          <State>enSTE_OK</State>
        </Line>
        <Line>
          <Time>17:26:26,713</Time>
          <Text>Use correct Frametype: IOL_eMSequence_TYPE_2</Text>
          <State>enSTE_OK</State>
        </Line>
        <Line>
          <Time>17:26:26,713</Time>
          <Text>Got Correct Frame Type Type_2_2</Text>
          <State>enSTE_OK</State>
        </Line>
        <Line>
          <Time>17:26:26,713</Time>
          <Text>Frame checksums ok</Text>
          <State>enSTE_OK</State>
        </Line>
        <Line>
          <Time>17:26:26,713</Time>
          <Text>Finished Test: Test SDCI_TC_0169 - Type 2_2 for 16bit PD In</Text>
          <State>enSTE_OK</State>
        </Line>
      </Lines>
    </Test>
    <Test Number="SDCI_TC_0170">
      <Name>Type 2_3 for 8bit PD Out</Name>
      <Description>Check for Type 2_3 Telegramm if Device has 8 bit PD Output Data</Description>
      <Finished>True</Finished>
      <Lines>
        <Line>
          <Time>17:26:26,713</Time>
          <Text>_________Start Test: Test SDCI_TC_0170 - Type 2_3 for 8bit PD Out</Text>
          <State>enSTE_OK</State>
        </Line>
        <Line>
          <Time>17:26:26,713</Time>
          <Text>Set Device config</Text>
          <State>enSTE_OK</State>
        </Line>
        <Line>
          <Time>17:26:26,714</Time>
          <Text>192.168.0.6: IO-LINK Device Port 0: Set Device Mode IOL_eDeviceMode_IDLE Result: IOL_eErrorInfo_NONE</Text>
          <State>enSTE_OK</State>
        </Line>
        <Line>
          <Time>17:26:26,716</Time>
          <Text>192.168.0.6: IO-LINK Device Port 0: Init Result IOL_eErrorInfo_NONE</Text>
          <State>enSTE_OK</State>
        </Line>
        <Line>
          <Time>17:26:26,717</Time>
          <Text>192.168.0.6: IO-LINK Device Mode Ind 0: Mode IOL_eDeviceMode_IDLE</Text>
          <State>enSTE_OK</State>
        </Line>
        <Line>
          <Time>17:26:26,717</Time>
          <Text>192.168.0.6: IO-LINK Device Port 0: Set Device Mode IOL_eDeviceMode_SIO Result: IOL_eErrorInfo_NONE</Text>
          <State>enSTE_OK</State>
        </Line>
        <Line>
          <Time>17:26:26,717</Time>
          <Text>192.168.0.6: IO-LINK Device Port 0: Set Device Mode IOL_eDeviceMode_SIO Result: IOL_eErrorInfo_NONE</Text>
          <State>enSTE_OK</State>
        </Line>
        <Line>
          <Time>17:26:26,717</Time>
          <Text>192.168.0.6: IO-LINK Device Mode Ind 0: Mode IOL_eDeviceMode_SIO</Text>
          <State>enSTE_OK</State>
        </Line>
        <Line>
          <Time>17:26:26,718</Time>
          <Text>192.168.0.6: IO-LINK Device Set Wireshark</Text>
          <State>enSTE_OK</State>
        </Line>
        <Line>
          <Time>17:26:26,718</Time>
          <Text>Start Master</Text>
          <State>enSTE_OK</State>
        </Line>
        <Line>
          <Time>17:26:26,728</Time>
          <Text>192.168.0.6: IO-LINK Device Mode Ind 0: Mode IOL_eDeviceMode_ESTABCOM</Text>
          <State>enSTE_OK</State>
        </Line>
        <Line>
          <Time>17:26:26,730</Time>
          <Text>192.168.0.6: IO-LINK Device Mode Ind 0: Mode IOL_eDeviceMode_COMx</Text>
          <State>enSTE_OK</State>
        </Line>
        <Line>
          <Time>17:26:26,730</Time>
          <Text>192.168.0.6: IO-LINK Device Mode Ind 0: Mode IOL_eDeviceMode_STARTUP</Text>
          <State>enSTE_OK</State>
        </Line>
        <Line>
          <Time>17:26:26,782</Time>
          <Text>192.168.0.6: IO-LINK Device Mode Ind 0: Mode IOL_eDeviceMode_IDENT_STARTUP</Text>
          <State>enSTE_OK</State>
        </Line>
        <Line>
          <Time>17:26:26,862</Time>
          <Text>192.168.0.6: IO-LINK Device Mode Ind 0: Mode IOL_eDeviceMode_PREOPERATE</Text>
          <State>enSTE_OK</State>
        </Line>
        <Line>
          <Time>17:26:26,875</Time>
          <Text>192.168.0.6: IO-LINK Device Port 0: AL Read Index 21 Subindex 0</Text>
          <State>enSTE_OK</State>
        </Line>
        <Line>
          <Time>17:26:26,876</Time>
          <Text>192.168.0.6: IO-LINK Device Port 0: AL Read Res: 0</Text>
          <State>enSTE_OK</State>
        </Line>
        <Line>
          <Time>17:26:26,995</Time>
          <Text>192.168.0.6: IO-LINK Device Mode Ind 0: Mode IOL_eDeviceMode_OPERATE</Text>
          <State>enSTE_OK</State>
        </Line>
        <Line>
          <Time>17:26:27,254</Time>
          <Text>Stop Communication</Text>
          <State>enSTE_OK</State>
        </Line>
        <Line>
          <Time>17:26:27,588</Time>
          <Text>192.168.0.6: IO-LINK Device Mode Ind 0: Mode IOL_eDeviceMode_IDLE</Text>
          <State>enSTE_OK</State>
        </Line>
        <Line>
          <Time>17:26:27,589</Time>
          <Text>192.168.0.6: IO-LINK Device Port 0: Set Device Mode IOL_eDeviceMode_SIO Result: IOL_eErrorInfo_NONE</Text>
          <State>enSTE_OK</State>
        </Line>
        <Line>
          <Time>17:26:27,589</Time>
          <Text>192.168.0.6: IO-LINK Device Mode Ind 0: Mode IOL_eDeviceMode_SIO</Text>
          <State>enSTE_OK</State>
        </Line>
        <Line>
          <Time>17:26:27,788</Time>
          <Text>192.168.0.6: IO-LINK Device Set Wireshark</Text>
          <State>enSTE_OK</State>
        </Line>
        <Line>
          <Time>17:26:27,790</Time>
          <Text>192.168.0.6: IO-LINK Device Port 0: Init Result IOL_eErrorInfo_NONE</Text>
          <State>enSTE_OK</State>
        </Line>
        <Line>
          <Time>17:26:27,790</Time>
          <Text>Received 100 Frames </Text>
          <State>enSTE_OK</State>
        </Line>
        <Line>
          <Time>17:26:27,790</Time>
          <Text>Selected Frame: 17:26:27,227 Master: F1-94-00 Device: 00-75</Text>
          <State>enSTE_OK</State>
        </Line>
        <Line>
          <Time>17:26:27,790</Time>
          <Text>Use correct Frametype: IOL_eMSequence_TYPE_2</Text>
          <State>enSTE_OK</State>
        </Line>
        <Line>
          <Time>17:26:27,790</Time>
          <Text>Got Correct Frame Type Type_2_3</Text>
          <State>enSTE_OK</State>
        </Line>
        <Line>
          <Time>17:26:27,790</Time>
          <Text>Frame checksums ok</Text>
          <State>enSTE_OK</State>
        </Line>
        <Line>
          <Time>17:26:27,790</Time>
          <Text>Finished Test: Test SDCI_TC_0170 - Type 2_3 for 8bit PD Out</Text>
          <State>enSTE_OK</State>
        </Line>
      </Lines>
    </Test>
    <Test Number="SDCI_TC_0171">
      <Name>Type 2_4 for 16bit PD Out</Name>
      <Description>Check for Type 2_4 Telegramm if Device has 16 bit PD Output Data</Description>
      <Finished>True</Finished>
      <Lines>
        <Line>
          <Time>17:26:27,791</Time>
          <Text>_________Start Test: Test SDCI_TC_0171 - Type 2_4 for 16bit PD Out</Text>
          <State>enSTE_OK</State>
        </Line>
        <Line>
          <Time>17:26:27,791</Time>
          <Text>Set Device config</Text>
          <State>enSTE_OK</State>
        </Line>
        <Line>
          <Time>17:26:27,791</Time>
          <Text>192.168.0.6: IO-LINK Device Port 0: Set Device Mode IOL_eDeviceMode_IDLE Result: IOL_eErrorInfo_NONE</Text>
          <State>enSTE_OK</State>
        </Line>
        <Line>
          <Time>17:26:27,791</Time>
          <Text>192.168.0.6: IO-LINK Device Mode Ind 0: Mode IOL_eDeviceMode_IDLE</Text>
          <State>enSTE_OK</State>
        </Line>
        <Line>
          <Time>17:26:27,793</Time>
          <Text>192.168.0.6: IO-LINK Device Port 0: Init Result IOL_eErrorInfo_NONE</Text>
          <State>enSTE_OK</State>
        </Line>
        <Line>
          <Time>17:26:27,793</Time>
          <Text>192.168.0.6: IO-LINK Device Port 0: Set Device Mode IOL_eDeviceMode_SIO Result: IOL_eErrorInfo_NONE</Text>
          <State>enSTE_OK</State>
        </Line>
        <Line>
          <Time>17:26:27,793</Time>
          <Text>192.168.0.6: IO-LINK Device Mode Ind 0: Mode IOL_eDeviceMode_SIO</Text>
          <State>enSTE_OK</State>
        </Line>
        <Line>
          <Time>17:26:27,793</Time>
          <Text>192.168.0.6: IO-LINK Device Port 0: Set Device Mode IOL_eDeviceMode_SIO Result: IOL_eErrorInfo_NONE</Text>
          <State>enSTE_OK</State>
        </Line>
        <Line>
          <Time>17:26:27,795</Time>
          <Text>192.168.0.6: IO-LINK Device Set Wireshark</Text>
          <State>enSTE_OK</State>
        </Line>
        <Line>
          <Time>17:26:27,795</Time>
          <Text>Start Master</Text>
          <State>enSTE_OK</State>
        </Line>
        <Line>
          <Time>17:26:27,816</Time>
          <Text>192.168.0.6: IO-LINK Device Mode Ind 0: Mode IOL_eDeviceMode_ESTABCOM</Text>
          <State>enSTE_OK</State>
        </Line>
        <Line>
          <Time>17:26:27,819</Time>
          <Text>192.168.0.6: IO-LINK Device Mode Ind 0: Mode IOL_eDeviceMode_COMx</Text>
          <State>enSTE_OK</State>
        </Line>
        <Line>
          <Time>17:26:27,820</Time>
          <Text>192.168.0.6: IO-LINK Device Mode Ind 0: Mode IOL_eDeviceMode_STARTUP</Text>
          <State>enSTE_OK</State>
        </Line>
        <Line>
          <Time>17:26:27,870</Time>
          <Text>192.168.0.6: IO-LINK Device Mode Ind 0: Mode IOL_eDeviceMode_IDENT_STARTUP</Text>
          <State>enSTE_OK</State>
        </Line>
        <Line>
          <Time>17:26:27,950</Time>
          <Text>192.168.0.6: IO-LINK Device Mode Ind 0: Mode IOL_eDeviceMode_PREOPERATE</Text>
          <State>enSTE_OK</State>
        </Line>
        <Line>
          <Time>17:26:27,963</Time>
          <Text>192.168.0.6: IO-LINK Device Port 0: AL Read Index 21 Subindex 0</Text>
          <State>enSTE_OK</State>
        </Line>
        <Line>
          <Time>17:26:27,963</Time>
          <Text>192.168.0.6: IO-LINK Device Port 0: AL Read Res: 0</Text>
          <State>enSTE_OK</State>
        </Line>
        <Line>
          <Time>17:26:28,063</Time>
          <Text>192.168.0.6: IO-LINK Device Mode Ind 0: Mode IOL_eDeviceMode_OPERATE</Text>
          <State>enSTE_OK</State>
        </Line>
        <Line>
          <Time>17:26:28,321</Time>
          <Text>Stop Communication</Text>
          <State>enSTE_OK</State>
        </Line>
        <Line>
          <Time>17:26:28,645</Time>
          <Text>192.168.0.6: IO-LINK Device Mode Ind 0: Mode IOL_eDeviceMode_IDLE</Text>
          <State>enSTE_OK</State>
        </Line>
        <Line>
          <Time>17:26:28,646</Time>
          <Text>192.168.0.6: IO-LINK Device Port 0: Set Device Mode IOL_eDeviceMode_SIO Result: IOL_eErrorInfo_NONE</Text>
          <State>enSTE_OK</State>
        </Line>
        <Line>
          <Time>17:26:28,646</Time>
          <Text>192.168.0.6: IO-LINK Device Mode Ind 0: Mode IOL_eDeviceMode_SIO</Text>
          <State>enSTE_OK</State>
        </Line>
        <Line>
          <Time>17:26:28,850</Time>
          <Text>192.168.0.6: IO-LINK Device Set Wireshark</Text>
          <State>enSTE_OK</State>
        </Line>
        <Line>
          <Time>17:26:28,852</Time>
          <Text>192.168.0.6: IO-LINK Device Port 0: Init Result IOL_eErrorInfo_NONE</Text>
          <State>enSTE_OK</State>
        </Line>
        <Line>
          <Time>17:26:28,852</Time>
          <Text>Received 100 Frames </Text>
          <State>enSTE_OK</State>
        </Line>
        <Line>
          <Time>17:26:28,852</Time>
          <Text>Selected Frame: 17:26:28,315 Master: F1-94-00-00 Device: 00-75</Text>
          <State>enSTE_OK</State>
        </Line>
        <Line>
          <Time>17:26:28,852</Time>
          <Text>Use correct Frametype: IOL_eMSequence_TYPE_2</Text>
          <State>enSTE_OK</State>
        </Line>
        <Line>
          <Time>17:26:28,852</Time>
          <Text>Got Correct Frame Type Type_2_4</Text>
          <State>enSTE_OK</State>
        </Line>
        <Line>
          <Time>17:26:28,852</Time>
          <Text>Frame checksums ok</Text>
          <State>enSTE_OK</State>
        </Line>
        <Line>
          <Time>17:26:28,852</Time>
          <Text>Finished Test: Test SDCI_TC_0171 - Type 2_4 for 16bit PD Out</Text>
          <State>enSTE_OK</State>
        </Line>
      </Lines>
    </Test>
    <Test Number="SDCI_TC_0172">
      <Name>Type 2_5 for 8-8bit PD</Name>
      <Description>Check for Type 2_5 Telegramm if Device has 8 bit PD In and Out Data</Description>
      <Finished>True</Finished>
      <Lines>
        <Line>
          <Time>17:26:28,852</Time>
          <Text>_________Start Test: Test SDCI_TC_0172 - Type 2_5 for 8-8bit PD</Text>
          <State>enSTE_OK</State>
        </Line>
        <Line>
          <Time>17:26:28,852</Time>
          <Text>Set Device config</Text>
          <State>enSTE_OK</State>
        </Line>
        <Line>
          <Time>17:26:28,852</Time>
          <Text>192.168.0.6: IO-LINK Device Port 0: Set Device Mode IOL_eDeviceMode_IDLE Result: IOL_eErrorInfo_NONE</Text>
          <State>enSTE_OK</State>
        </Line>
        <Line>
          <Time>17:26:28,852</Time>
          <Text>192.168.0.6: IO-LINK Device Mode Ind 0: Mode IOL_eDeviceMode_IDLE</Text>
          <State>enSTE_OK</State>
        </Line>
        <Line>
          <Time>17:26:28,852</Time>
          <Text>192.168.0.6: IO-LINK Device Port 0: Init Result IOL_eErrorInfo_NONE</Text>
          <State>enSTE_OK</State>
        </Line>
        <Line>
          <Time>17:26:28,853</Time>
          <Text>192.168.0.6: IO-LINK Device Port 0: Set Device Mode IOL_eDeviceMode_SIO Result: IOL_eErrorInfo_NONE</Text>
          <State>enSTE_OK</State>
        </Line>
        <Line>
          <Time>17:26:28,853</Time>
          <Text>192.168.0.6: IO-LINK Device Mode Ind 0: Mode IOL_eDeviceMode_SIO</Text>
          <State>enSTE_OK</State>
        </Line>
        <Line>
          <Time>17:26:28,853</Time>
          <Text>192.168.0.6: IO-LINK Device Port 0: Set Device Mode IOL_eDeviceMode_SIO Result: IOL_eErrorInfo_NONE</Text>
          <State>enSTE_OK</State>
        </Line>
        <Line>
          <Time>17:26:28,857</Time>
          <Text>192.168.0.6: IO-LINK Device Set Wireshark</Text>
          <State>enSTE_OK</State>
        </Line>
        <Line>
          <Time>17:26:28,857</Time>
          <Text>Start Master</Text>
          <State>enSTE_OK</State>
        </Line>
        <Line>
          <Time>17:26:28,872</Time>
          <Text>192.168.0.6: IO-LINK Device Mode Ind 0: Mode IOL_eDeviceMode_ESTABCOM</Text>
          <State>enSTE_OK</State>
        </Line>
        <Line>
          <Time>17:26:28,874</Time>
          <Text>192.168.0.6: IO-LINK Device Mode Ind 0: Mode IOL_eDeviceMode_COMx</Text>
          <State>enSTE_OK</State>
        </Line>
        <Line>
          <Time>17:26:28,874</Time>
          <Text>192.168.0.6: IO-LINK Device Mode Ind 0: Mode IOL_eDeviceMode_STARTUP</Text>
          <State>enSTE_OK</State>
        </Line>
        <Line>
          <Time>17:26:28,926</Time>
          <Text>192.168.0.6: IO-LINK Device Mode Ind 0: Mode IOL_eDeviceMode_IDENT_STARTUP</Text>
          <State>enSTE_OK</State>
        </Line>
        <Line>
          <Time>17:26:29,008</Time>
          <Text>192.168.0.6: IO-LINK Device Mode Ind 0: Mode IOL_eDeviceMode_PREOPERATE</Text>
          <State>enSTE_OK</State>
        </Line>
        <Line>
          <Time>17:26:29,019</Time>
          <Text>192.168.0.6: IO-LINK Device Port 0: AL Read Index 21 Subindex 0</Text>
          <State>enSTE_OK</State>
        </Line>
        <Line>
          <Time>17:26:29,019</Time>
          <Text>192.168.0.6: IO-LINK Device Port 0: AL Read Res: 0</Text>
          <State>enSTE_OK</State>
        </Line>
        <Line>
          <Time>17:26:29,121</Time>
          <Text>192.168.0.6: IO-LINK Device Mode Ind 0: Mode IOL_eDeviceMode_OPERATE</Text>
          <State>enSTE_OK</State>
        </Line>
        <Line>
          <Time>17:26:29,381</Time>
          <Text>Stop Communication</Text>
          <State>enSTE_OK</State>
        </Line>
        <Line>
          <Time>17:26:29,711</Time>
          <Text>192.168.0.6: IO-LINK Device Mode Ind 0: Mode IOL_eDeviceMode_IDLE</Text>
          <State>enSTE_OK</State>
        </Line>
        <Line>
          <Time>17:26:29,711</Time>
          <Text>192.168.0.6: IO-LINK Device Port 0: Set Device Mode IOL_eDeviceMode_SIO Result: IOL_eErrorInfo_NONE</Text>
          <State>enSTE_OK</State>
        </Line>
        <Line>
          <Time>17:26:29,711</Time>
          <Text>192.168.0.6: IO-LINK Device Mode Ind 0: Mode IOL_eDeviceMode_SIO</Text>
          <State>enSTE_OK</State>
        </Line>
        <Line>
          <Time>17:26:29,916</Time>
          <Text>192.168.0.6: IO-LINK Device Set Wireshark</Text>
          <State>enSTE_OK</State>
        </Line>
        <Line>
          <Time>17:26:29,918</Time>
          <Text>192.168.0.6: IO-LINK Device Port 0: Init Result IOL_eErrorInfo_NONE</Text>
          <State>enSTE_OK</State>
        </Line>
        <Line>
          <Time>17:26:29,918</Time>
          <Text>Received 100 Frames </Text>
          <State>enSTE_OK</State>
        </Line>
        <Line>
          <Time>17:26:29,918</Time>
          <Text>Selected Frame: 17:26:29,371 Master: F1-94-00 Device: 00-00-75</Text>
          <State>enSTE_OK</State>
        </Line>
        <Line>
          <Time>17:26:29,918</Time>
          <Text>Use correct Frametype: IOL_eMSequence_TYPE_2</Text>
          <State>enSTE_OK</State>
        </Line>
        <Line>
          <Time>17:26:29,918</Time>
          <Text>Got Correct Frame Type Type_2_5</Text>
          <State>enSTE_OK</State>
        </Line>
        <Line>
          <Time>17:26:29,919</Time>
          <Text>Frame checksums ok</Text>
          <State>enSTE_OK</State>
        </Line>
        <Line>
          <Time>17:26:29,919</Time>
          <Text>Finished Test: Test SDCI_TC_0172 - Type 2_5 for 8-8bit PD</Text>
          <State>enSTE_OK</State>
        </Line>
      </Lines>
    </Test>
    <Test Number="SDCI_TC_0298">
      <Name>Type 2_6 for 16-16bit PD</Name>
      <Description>Check for Type 2_6 Telegramm if Device has 16 bit PD In and Out Data</Description>
      <Finished>True</Finished>
      <Lines>
        <Line>
          <Time>17:26:29,919</Time>
          <Text>_________Start Test: Test SDCI_TC_0298 - Type 2_6 for 16-16bit PD</Text>
          <State>enSTE_OK</State>
        </Line>
        <Line>
          <Time>17:26:29,919</Time>
          <Text>Set Device config</Text>
          <State>enSTE_OK</State>
        </Line>
        <Line>
          <Time>17:26:29,920</Time>
          <Text>192.168.0.6: IO-LINK Device Port 0: Set Device Mode IOL_eDeviceMode_IDLE Result: IOL_eErrorInfo_NONE</Text>
          <State>enSTE_OK</State>
        </Line>
        <Line>
          <Time>17:26:29,920</Time>
          <Text>192.168.0.6: IO-LINK Device Mode Ind 0: Mode IOL_eDeviceMode_IDLE</Text>
          <State>enSTE_OK</State>
        </Line>
        <Line>
          <Time>17:26:29,920</Time>
          <Text>192.168.0.6: IO-LINK Device Port 0: Init Result IOL_eErrorInfo_NONE</Text>
          <State>enSTE_OK</State>
        </Line>
        <Line>
          <Time>17:26:29,920</Time>
          <Text>192.168.0.6: IO-LINK Device Port 0: Set Device Mode IOL_eDeviceMode_SIO Result: IOL_eErrorInfo_NONE</Text>
          <State>enSTE_OK</State>
        </Line>
        <Line>
          <Time>17:26:29,920</Time>
          <Text>192.168.0.6: IO-LINK Device Mode Ind 0: Mode IOL_eDeviceMode_SIO</Text>
          <State>enSTE_OK</State>
        </Line>
        <Line>
          <Time>17:26:29,920</Time>
          <Text>192.168.0.6: IO-LINK Device Port 0: Set Device Mode IOL_eDeviceMode_SIO Result: IOL_eErrorInfo_NONE</Text>
          <State>enSTE_OK</State>
        </Line>
        <Line>
          <Time>17:26:29,924</Time>
          <Text>192.168.0.6: IO-LINK Device Set Wireshark</Text>
          <State>enSTE_OK</State>
        </Line>
        <Line>
          <Time>17:26:29,924</Time>
          <Text>Start Master</Text>
          <State>enSTE_OK</State>
        </Line>
        <Line>
          <Time>17:26:29,945</Time>
          <Text>192.168.0.6: IO-LINK Device Mode Ind 0: Mode IOL_eDeviceMode_ESTABCOM</Text>
          <State>enSTE_OK</State>
        </Line>
        <Line>
          <Time>17:26:29,946</Time>
          <Text>192.168.0.6: IO-LINK Device Mode Ind 0: Mode IOL_eDeviceMode_COMx</Text>
          <State>enSTE_OK</State>
        </Line>
        <Line>
          <Time>17:26:29,946</Time>
          <Text>192.168.0.6: IO-LINK Device Mode Ind 0: Mode IOL_eDeviceMode_STARTUP</Text>
          <State>enSTE_OK</State>
        </Line>
        <Line>
          <Time>17:26:29,997</Time>
          <Text>192.168.0.6: IO-LINK Device Mode Ind 0: Mode IOL_eDeviceMode_IDENT_STARTUP</Text>
          <State>enSTE_OK</State>
        </Line>
        <Line>
          <Time>17:26:30,078</Time>
          <Text>192.168.0.6: IO-LINK Device Mode Ind 0: Mode IOL_eDeviceMode_PREOPERATE</Text>
          <State>enSTE_OK</State>
        </Line>
        <Line>
          <Time>17:26:30,091</Time>
          <Text>192.168.0.6: IO-LINK Device Port 0: AL Read Index 21 Subindex 0</Text>
          <State>enSTE_OK</State>
        </Line>
        <Line>
          <Time>17:26:30,092</Time>
          <Text>192.168.0.6: IO-LINK Device Port 0: AL Read Res: 0</Text>
          <State>enSTE_OK</State>
        </Line>
        <Line>
          <Time>17:26:30,211</Time>
          <Text>192.168.0.6: IO-LINK Device Mode Ind 0: Mode IOL_eDeviceMode_OPERATE</Text>
          <State>enSTE_OK</State>
        </Line>
        <Line>
          <Time>17:26:30,495</Time>
          <Text>Stop Communication</Text>
          <State>enSTE_OK</State>
        </Line>
        <Line>
          <Time>17:26:30,813</Time>
          <Text>192.168.0.6: IO-LINK Device Mode Ind 0: Mode IOL_eDeviceMode_IDLE</Text>
          <State>enSTE_OK</State>
        </Line>
        <Line>
          <Time>17:26:30,814</Time>
          <Text>192.168.0.6: IO-LINK Device Port 0: Set Device Mode IOL_eDeviceMode_SIO Result: IOL_eErrorInfo_NONE</Text>
          <State>enSTE_OK</State>
        </Line>
        <Line>
          <Time>17:26:30,814</Time>
          <Text>192.168.0.6: IO-LINK Device Mode Ind 0: Mode IOL_eDeviceMode_SIO</Text>
          <State>enSTE_OK</State>
        </Line>
        <Line>
          <Time>17:26:31,032</Time>
          <Text>192.168.0.6: IO-LINK Device Set Wireshark</Text>
          <State>enSTE_OK</State>
        </Line>
        <Line>
          <Time>17:26:31,034</Time>
          <Text>192.168.0.6: IO-LINK Device Port 0: Init Result IOL_eErrorInfo_NONE</Text>
          <State>enSTE_OK</State>
        </Line>
        <Line>
          <Time>17:26:31,034</Time>
          <Text>Received 100 Frames </Text>
          <State>enSTE_OK</State>
        </Line>
        <Line>
          <Time>17:26:31,034</Time>
          <Text>Selected Frame: 17:26:30,443 Master: F1-94-00-00 Device: 00-00-00-75</Text>
          <State>enSTE_OK</State>
        </Line>
        <Line>
          <Time>17:26:31,034</Time>
          <Text>Use correct Frametype: IOL_eMSequence_TYPE_2</Text>
          <State>enSTE_OK</State>
        </Line>
        <Line>
          <Time>17:26:31,034</Time>
          <Text>Got Correct Frame Type Type_2_6</Text>
          <State>enSTE_OK</State>
        </Line>
        <Line>
          <Time>17:26:31,034</Time>
          <Text>Frame checksums ok</Text>
          <State>enSTE_OK</State>
        </Line>
        <Line>
          <Time>17:26:31,034</Time>
          <Text>Finished Test: Test SDCI_TC_0298 - Type 2_6 for 16-16bit PD</Text>
          <State>enSTE_OK</State>
        </Line>
      </Lines>
    </Test>
    <Test Number="SDCI_TC_0173">
      <Name>Type 1 for 256bit PDin</Name>
      <Description>Check for Type 1 Telegramm if Device has 256 bit PD In Data</Description>
      <Finished>True</Finished>
      <Lines>
        <Line>
          <Time>17:26:31,034</Time>
          <Text>_________Start Test: Test SDCI_TC_0173 - Type 1 for 256bit PDin</Text>
          <State>enSTE_OK</State>
        </Line>
        <Line>
          <Time>17:26:31,034</Time>
          <Text>Set Device config</Text>
          <State>enSTE_OK</State>
        </Line>
        <Line>
          <Time>17:26:31,035</Time>
          <Text>192.168.0.6: IO-LINK Device Port 0: Set Device Mode IOL_eDeviceMode_IDLE Result: IOL_eErrorInfo_NONE</Text>
          <State>enSTE_OK</State>
        </Line>
        <Line>
          <Time>17:26:31,035</Time>
          <Text>192.168.0.6: IO-LINK Device Mode Ind 0: Mode IOL_eDeviceMode_IDLE</Text>
          <State>enSTE_OK</State>
        </Line>
        <Line>
          <Time>17:26:31,035</Time>
          <Text>192.168.0.6: IO-LINK Device Port 0: Init Result IOL_eErrorInfo_NONE</Text>
          <State>enSTE_OK</State>
        </Line>
        <Line>
          <Time>17:26:31,035</Time>
          <Text>192.168.0.6: IO-LINK Device Port 0: Set Device Mode IOL_eDeviceMode_SIO Result: IOL_eErrorInfo_NONE</Text>
          <State>enSTE_OK</State>
        </Line>
        <Line>
          <Time>17:26:31,035</Time>
          <Text>192.168.0.6: IO-LINK Device Mode Ind 0: Mode IOL_eDeviceMode_SIO</Text>
          <State>enSTE_OK</State>
        </Line>
        <Line>
          <Time>17:26:31,037</Time>
          <Text>192.168.0.6: IO-LINK Device Port 0: Set Device Mode IOL_eDeviceMode_SIO Result: IOL_eErrorInfo_NONE</Text>
          <State>enSTE_OK</State>
        </Line>
        <Line>
          <Time>17:26:31,039</Time>
          <Text>192.168.0.6: IO-LINK Device Set Wireshark</Text>
          <State>enSTE_OK</State>
        </Line>
        <Line>
          <Time>17:26:31,039</Time>
          <Text>Start Master</Text>
          <State>enSTE_OK</State>
        </Line>
        <Line>
          <Time>17:26:31,049</Time>
          <Text>192.168.0.6: IO-LINK Device Mode Ind 0: Mode IOL_eDeviceMode_ESTABCOM</Text>
          <State>enSTE_OK</State>
        </Line>
        <Line>
          <Time>17:26:31,050</Time>
          <Text>192.168.0.6: IO-LINK Device Mode Ind 0: Mode IOL_eDeviceMode_COMx</Text>
          <State>enSTE_OK</State>
        </Line>
        <Line>
          <Time>17:26:31,050</Time>
          <Text>192.168.0.6: IO-LINK Device Mode Ind 0: Mode IOL_eDeviceMode_STARTUP</Text>
          <State>enSTE_OK</State>
        </Line>
        <Line>
          <Time>17:26:31,102</Time>
          <Text>192.168.0.6: IO-LINK Device Mode Ind 0: Mode IOL_eDeviceMode_IDENT_STARTUP</Text>
          <State>enSTE_OK</State>
        </Line>
        <Line>
          <Time>17:26:31,182</Time>
          <Text>192.168.0.6: IO-LINK Device Mode Ind 0: Mode IOL_eDeviceMode_PREOPERATE</Text>
          <State>enSTE_OK</State>
        </Line>
        <Line>
          <Time>17:26:31,195</Time>
          <Text>192.168.0.6: IO-LINK Device Port 0: AL Read Index 21 Subindex 0</Text>
          <State>enSTE_OK</State>
        </Line>
        <Line>
          <Time>17:26:31,196</Time>
          <Text>192.168.0.6: IO-LINK Device Port 0: AL Read Res: 0</Text>
          <State>enSTE_OK</State>
        </Line>
        <Line>
          <Time>17:26:31,325</Time>
          <Text>192.168.0.6: IO-LINK Device Mode Ind 0: Mode IOL_eDeviceMode_OPERATE</Text>
          <State>enSTE_OK</State>
        </Line>
        <Line>
          <Time>17:26:31,592</Time>
          <Text>Stop Communication</Text>
          <State>enSTE_OK</State>
        </Line>
        <Line>
          <Time>17:26:31,927</Time>
          <Text>192.168.0.6: IO-LINK Device Mode Ind 0: Mode IOL_eDeviceMode_IDLE</Text>
          <State>enSTE_OK</State>
        </Line>
        <Line>
          <Time>17:26:31,928</Time>
          <Text>192.168.0.6: IO-LINK Device Port 0: Set Device Mode IOL_eDeviceMode_SIO Result: IOL_eErrorInfo_NONE</Text>
          <State>enSTE_OK</State>
        </Line>
        <Line>
          <Time>17:26:31,928</Time>
          <Text>192.168.0.6: IO-LINK Device Mode Ind 0: Mode IOL_eDeviceMode_SIO</Text>
          <State>enSTE_OK</State>
        </Line>
        <Line>
          <Time>17:26:32,136</Time>
          <Text>192.168.0.6: IO-LINK Device Set Wireshark</Text>
          <State>enSTE_OK</State>
        </Line>
        <Line>
          <Time>17:26:32,138</Time>
          <Text>192.168.0.6: IO-LINK Device Port 0: Init Result IOL_eErrorInfo_NONE</Text>
          <State>enSTE_OK</State>
        </Line>
        <Line>
          <Time>17:26:32,138</Time>
          <Text>Received 100 Frames </Text>
          <State>enSTE_OK</State>
        </Line>
        <Line>
          <Time>17:26:32,138</Time>
          <Text>Selected Frame: 17:26:31,547 Master: F1-64 Device: 00-00-75</Text>
          <State>enSTE_OK</State>
        </Line>
        <Line>
          <Time>17:26:32,138</Time>
          <Text>Use correct Frametype: IOL_eMSequence_TYPE_1</Text>
          <State>enSTE_OK</State>
        </Line>
        <Line>
          <Time>17:26:32,138</Time>
          <Text>Frame checksums ok</Text>
          <State>enSTE_OK</State>
        </Line>
        <Line>
          <Time>17:26:32,138</Time>
          <Text>Finished Test: Test SDCI_TC_0173 - Type 1 for 256bit PDin</Text>
          <State>enSTE_OK</State>
        </Line>
      </Lines>
    </Test>
    <Test Number="SDCI_TC_0175">
      <Name>Master Wrong checksum</Name>
      <Description>Master behavior to wrong checksum in Device response</Description>
      <Finished>True</Finished>
      <Lines>
        <Line>
          <Time>17:26:32,138</Time>
          <Text>_________Start Test: Test SDCI_TC_0175 - Master Wrong checksum</Text>
          <State>enSTE_OK</State>
        </Line>
        <Line>
          <Time>17:26:32,142</Time>
          <Text>Set Device Parameter</Text>
          <State>enSTE_OK</State>
        </Line>
        <Line>
          <Time>17:26:32,143</Time>
          <Text>192.168.0.6: IO-LINK Device Mode Ind 0: Mode IOL_eDeviceMode_IDLE</Text>
          <State>enSTE_OK</State>
        </Line>
        <Line>
          <Time>17:26:32,143</Time>
          <Text>192.168.0.6: IO-LINK Device Port 0: Set Device Mode IOL_eDeviceMode_IDLE Result: IOL_eErrorInfo_NONE</Text>
          <State>enSTE_OK</State>
        </Line>
        <Line>
          <Time>17:26:32,146</Time>
          <Text>192.168.0.6: IO-LINK Device Port 0: Init Result IOL_eErrorInfo_NONE</Text>
          <State>enSTE_OK</State>
        </Line>
        <Line>
          <Time>17:26:32,146</Time>
          <Text>192.168.0.6: IO-LINK Device Port 0: Set Device Mode IOL_eDeviceMode_SIO Result: IOL_eErrorInfo_NONE</Text>
          <State>enSTE_OK</State>
        </Line>
        <Line>
          <Time>17:26:32,146</Time>
          <Text>192.168.0.6: IO-LINK Device Mode Ind 0: Mode IOL_eDeviceMode_SIO</Text>
          <State>enSTE_OK</State>
        </Line>
        <Line>
          <Time>17:26:32,147</Time>
          <Text>192.168.0.6: IO-LINK Device Mode Ind 0: Mode IOL_eDeviceMode_SIO</Text>
          <State>enSTE_OK</State>
        </Line>
        <Line>
          <Time>17:26:32,147</Time>
          <Text>192.168.0.6: IO-LINK Device Port 0: Set Device Mode IOL_eDeviceMode_SIO Result: IOL_eErrorInfo_NONE</Text>
          <State>enSTE_OK</State>
        </Line>
        <Line>
          <Time>17:26:32,148</Time>
          <Text>192.168.0.6: IO-LINK Device Set Wireshark</Text>
          <State>enSTE_OK</State>
        </Line>
        <Line>
          <Time>17:26:32,148</Time>
          <Text>Start Master</Text>
          <State>enSTE_OK</State>
        </Line>
        <Line>
          <Time>17:26:32,168</Time>
          <Text>192.168.0.6: IO-LINK Device Mode Ind 0: Mode IOL_eDeviceMode_ESTABCOM</Text>
          <State>enSTE_OK</State>
        </Line>
        <Line>
          <Time>17:26:32,172</Time>
          <Text>192.168.0.6: IO-LINK Device Mode Ind 0: Mode IOL_eDeviceMode_COMx</Text>
          <State>enSTE_OK</State>
        </Line>
        <Line>
          <Time>17:26:32,172</Time>
          <Text>192.168.0.6: IO-LINK Device Mode Ind 0: Mode IOL_eDeviceMode_STARTUP</Text>
          <State>enSTE_OK</State>
        </Line>
        <Line>
          <Time>17:26:32,222</Time>
          <Text>192.168.0.6: IO-LINK Device Mode Ind 0: Mode IOL_eDeviceMode_IDENT_STARTUP</Text>
          <State>enSTE_OK</State>
        </Line>
        <Line>
          <Time>17:26:32,302</Time>
          <Text>192.168.0.6: IO-LINK Device Mode Ind 0: Mode IOL_eDeviceMode_PREOPERATE</Text>
          <State>enSTE_OK</State>
        </Line>
        <Line>
          <Time>17:26:32,315</Time>
          <Text>192.168.0.6: IO-LINK Device Port 0: AL Read Index 21 Subindex 0</Text>
          <State>enSTE_OK</State>
        </Line>
        <Line>
          <Time>17:26:32,315</Time>
          <Text>192.168.0.6: IO-LINK Device Port 0: AL Read Res: 0</Text>
          <State>enSTE_OK</State>
        </Line>
        <Line>
          <Time>17:26:32,467</Time>
          <Text>192.168.0.6: IO-LINK Device Mode Ind 0: Mode IOL_eDeviceMode_OPERATE</Text>
          <State>enSTE_OK</State>
        </Line>
        <Line>
          <Time>17:26:32,533</Time>
          <Text>192.168.0.6: IO-LINK Device Port 0: Set Input Res Valid: True</Text>
          <State>enSTE_OK</State>
        </Line>
        <Line>
          <Time>17:26:32,641</Time>
          <Text>Simulate 3 missing responses</Text>
          <State>enSTE_OK</State>
        </Line>
        <Line>
          <Time>17:26:32,642</Time>
          <Text>192.168.0.6: IO-LINK Device Port 0: Set Frame Error</Text>
          <State>enSTE_OK</State>
        </Line>
        <Line>
          <Time>17:26:32,967</Time>
          <Text>192.168.0.6: IO-LINK Device Mode Ind 0: Mode IOL_eDeviceMode_IDLE</Text>
          <State>enSTE_OK</State>
        </Line>
        <Line>
          <Time>17:26:32,967</Time>
          <Text>192.168.0.6: IO-LINK Device Port 0: Set Device Mode IOL_eDeviceMode_SIO Result: IOL_eErrorInfo_NONE</Text>
          <State>enSTE_OK</State>
        </Line>
        <Line>
          <Time>17:26:32,967</Time>
          <Text>192.168.0.6: IO-LINK Device Mode Ind 0: Mode IOL_eDeviceMode_SIO</Text>
          <State>enSTE_OK</State>
        </Line>
        <Line>
          <Time>17:26:33,371</Time>
          <Text>192.168.0.6: IO-LINK Device Mode Ind 0: Mode IOL_eDeviceMode_ESTABCOM</Text>
          <State>enSTE_OK</State>
        </Line>
        <Line>
          <Time>17:26:33,373</Time>
          <Text>192.168.0.6: IO-LINK Device Mode Ind 0: Mode IOL_eDeviceMode_COMx</Text>
          <State>enSTE_OK</State>
        </Line>
        <Line>
          <Time>17:26:33,373</Time>
          <Text>192.168.0.6: IO-LINK Device Mode Ind 0: Mode IOL_eDeviceMode_STARTUP</Text>
          <State>enSTE_OK</State>
        </Line>
        <Line>
          <Time>17:26:33,424</Time>
          <Text>192.168.0.6: IO-LINK Device Mode Ind 0: Mode IOL_eDeviceMode_IDENT_STARTUP</Text>
          <State>enSTE_OK</State>
        </Line>
        <Line>
          <Time>17:26:33,504</Time>
          <Text>192.168.0.6: IO-LINK Device Mode Ind 0: Mode IOL_eDeviceMode_PREOPERATE</Text>
          <State>enSTE_OK</State>
        </Line>
        <Line>
          <Time>17:26:33,517</Time>
          <Text>192.168.0.6: IO-LINK Device Port 0: AL Read Index 21 Subindex 0</Text>
          <State>enSTE_OK</State>
        </Line>
        <Line>
          <Time>17:26:33,518</Time>
          <Text>192.168.0.6: IO-LINK Device Port 0: AL Read Res: 0</Text>
          <State>enSTE_OK</State>
        </Line>
        <Line>
          <Time>17:26:34,657</Time>
          <Text>Stop Communication</Text>
          <State>enSTE_OK</State>
        </Line>
        <Line>
          <Time>17:26:34,979</Time>
          <Text>192.168.0.6: IO-LINK Device Mode Ind 0: Mode IOL_eDeviceMode_IDLE</Text>
          <State>enSTE_OK</State>
        </Line>
        <Line>
          <Time>17:26:34,979</Time>
          <Text>192.168.0.6: IO-LINK Device Port 0: Set Device Mode IOL_eDeviceMode_SIO Result: IOL_eErrorInfo_NONE</Text>
          <State>enSTE_OK</State>
        </Line>
        <Line>
          <Time>17:26:34,979</Time>
          <Text>192.168.0.6: IO-LINK Device Mode Ind 0: Mode IOL_eDeviceMode_SIO</Text>
          <State>enSTE_OK</State>
        </Line>
        <Line>
          <Time>17:26:35,192</Time>
          <Text>192.168.0.6: IO-LINK Device Set Wireshark</Text>
          <State>enSTE_OK</State>
        </Line>
        <Line>
          <Time>17:26:35,195</Time>
          <Text>Wrong Checksum 1: 17:26:32,647 Master: F1-94-00-00 Device: 00-00-FF-FF-12</Text>
          <State>enSTE_OK</State>
        </Line>
        <Line>
          <Time>17:26:35,196</Time>
          <Text>Wrong Checksum 2: 17:26:32,657 Master: F1-94-00-00 Device: 00-00-FF-FF-12</Text>
          <State>enSTE_OK</State>
        </Line>
        <Line>
          <Time>17:26:35,196</Time>
          <Text>Wrong Checksum 3: 17:26:32,667 Master: F1-94-00-00 Device: 00-00-FF-FF-12</Text>
          <State>enSTE_OK</State>
        </Line>
        <Line>
          <Time>17:26:35,196</Time>
          <Text>Establish after 707,0012ms</Text>
          <State>enSTE_OK</State>
        </Line>
        <Line>
          <Time>17:26:35,196</Time>
          <Text>Establish: 17:26:33,374 Master: A2-00 Device: 48-17</Text>
          <State>enSTE_OK</State>
        </Line>
        <Line>
          <Time>17:26:35,196</Time>
          <Text>Proceed Establish: 17:26:33,384 Master: A3-11 Device: 2B-1B</Text>
          <State>enSTE_OK</State>
        </Line>
        <Line>
          <Time>17:26:35,196</Time>
          <Text>Finished Test: Test SDCI_TC_0175 - Master Wrong checksum</Text>
          <State>enSTE_OK</State>
        </Line>
      </Lines>
    </Test>
    <Test Number="SDCI_TC_0174">
      <Name>Master No Response</Name>
      <Description>Master behavior in case of no Device response </Description>
      <Finished>True</Finished>
      <Lines>
        <Line>
          <Time>17:26:35,196</Time>
          <Text>_________Start Test: Test SDCI_TC_0174 - Master No Response</Text>
          <State>enSTE_OK</State>
        </Line>
        <Line>
          <Time>17:26:35,198</Time>
          <Text>Set Device Parameter</Text>
          <State>enSTE_OK</State>
        </Line>
        <Line>
          <Time>17:26:35,198</Time>
          <Text>192.168.0.6: IO-LINK Device Mode Ind 0: Mode IOL_eDeviceMode_IDLE</Text>
          <State>enSTE_OK</State>
        </Line>
        <Line>
          <Time>17:26:35,198</Time>
          <Text>192.168.0.6: IO-LINK Device Port 0: Set Device Mode IOL_eDeviceMode_IDLE Result: IOL_eErrorInfo_NONE</Text>
          <State>enSTE_OK</State>
        </Line>
        <Line>
          <Time>17:26:35,199</Time>
          <Text>192.168.0.6: IO-LINK Device Port 0: Set Device Mode IOL_eDeviceMode_SIO Result: IOL_eErrorInfo_NONE</Text>
          <State>enSTE_OK</State>
        </Line>
        <Line>
          <Time>17:26:35,200</Time>
          <Text>192.168.0.6: IO-LINK Device Mode Ind 0: Mode IOL_eDeviceMode_SIO</Text>
          <State>enSTE_OK</State>
        </Line>
        <Line>
          <Time>17:26:35,199</Time>
          <Text>192.168.0.6: IO-LINK Device Port 0: Init Result IOL_eErrorInfo_NONE</Text>
          <State>enSTE_OK</State>
        </Line>
        <Line>
          <Time>17:26:35,201</Time>
          <Text>192.168.0.6: IO-LINK Device Port 0: Set Device Mode IOL_eDeviceMode_SIO Result: IOL_eErrorInfo_NONE</Text>
          <State>enSTE_OK</State>
        </Line>
        <Line>
          <Time>17:26:35,201</Time>
          <Text>192.168.0.6: IO-LINK Device Mode Ind 0: Mode IOL_eDeviceMode_SIO</Text>
          <State>enSTE_OK</State>
        </Line>
        <Line>
          <Time>17:26:35,202</Time>
          <Text>192.168.0.6: IO-LINK Device Set Wireshark</Text>
          <State>enSTE_OK</State>
        </Line>
        <Line>
          <Time>17:26:35,202</Time>
          <Text>Start Master</Text>
          <State>enSTE_OK</State>
        </Line>
        <Line>
          <Time>17:26:35,223</Time>
          <Text>192.168.0.6: IO-LINK Device Mode Ind 0: Mode IOL_eDeviceMode_ESTABCOM</Text>
          <State>enSTE_OK</State>
        </Line>
        <Line>
          <Time>17:26:35,227</Time>
          <Text>192.168.0.6: IO-LINK Device Mode Ind 0: Mode IOL_eDeviceMode_COMx</Text>
          <State>enSTE_OK</State>
        </Line>
        <Line>
          <Time>17:26:35,227</Time>
          <Text>192.168.0.6: IO-LINK Device Mode Ind 0: Mode IOL_eDeviceMode_STARTUP</Text>
          <State>enSTE_OK</State>
        </Line>
        <Line>
          <Time>17:26:35,277</Time>
          <Text>192.168.0.6: IO-LINK Device Mode Ind 0: Mode IOL_eDeviceMode_IDENT_STARTUP</Text>
          <State>enSTE_OK</State>
        </Line>
        <Line>
          <Time>17:26:35,357</Time>
          <Text>192.168.0.6: IO-LINK Device Mode Ind 0: Mode IOL_eDeviceMode_PREOPERATE</Text>
          <State>enSTE_OK</State>
        </Line>
        <Line>
          <Time>17:26:35,370</Time>
          <Text>192.168.0.6: IO-LINK Device Port 0: AL Read Index 21 Subindex 0</Text>
          <State>enSTE_OK</State>
        </Line>
        <Line>
          <Time>17:26:35,371</Time>
          <Text>192.168.0.6: IO-LINK Device Port 0: AL Read Res: 0</Text>
          <State>enSTE_OK</State>
        </Line>
        <Line>
          <Time>17:26:35,521</Time>
          <Text>192.168.0.6: IO-LINK Device Mode Ind 0: Mode IOL_eDeviceMode_OPERATE</Text>
          <State>enSTE_OK</State>
        </Line>
        <Line>
          <Time>17:26:35,573</Time>
          <Text>192.168.0.6: IO-LINK Device Port 0: Set Input Res Valid: True</Text>
          <State>enSTE_OK</State>
        </Line>
        <Line>
          <Time>17:26:35,674</Time>
          <Text>Simulate 3 missing responses</Text>
          <State>enSTE_OK</State>
        </Line>
        <Line>
          <Time>17:26:35,674</Time>
          <Text>192.168.0.6: IO-LINK Device Port 0: Set Frame Error</Text>
          <State>enSTE_OK</State>
        </Line>
        <Line>
          <Time>17:26:36,002</Time>
          <Text>192.168.0.6: IO-LINK Device Mode Ind 0: Mode IOL_eDeviceMode_IDLE</Text>
          <State>enSTE_OK</State>
        </Line>
        <Line>
          <Time>17:26:36,003</Time>
          <Text>192.168.0.6: IO-LINK Device Port 0: Set Device Mode IOL_eDeviceMode_SIO Result: IOL_eErrorInfo_NONE</Text>
          <State>enSTE_OK</State>
        </Line>
        <Line>
          <Time>17:26:36,003</Time>
          <Text>192.168.0.6: IO-LINK Device Mode Ind 0: Mode IOL_eDeviceMode_SIO</Text>
          <State>enSTE_OK</State>
        </Line>
        <Line>
          <Time>17:26:36,405</Time>
          <Text>192.168.0.6: IO-LINK Device Mode Ind 0: Mode IOL_eDeviceMode_ESTABCOM</Text>
          <State>enSTE_OK</State>
        </Line>
        <Line>
          <Time>17:26:36,407</Time>
          <Text>192.168.0.6: IO-LINK Device Mode Ind 0: Mode IOL_eDeviceMode_COMx</Text>
          <State>enSTE_OK</State>
        </Line>
        <Line>
          <Time>17:26:36,407</Time>
          <Text>192.168.0.6: IO-LINK Device Mode Ind 0: Mode IOL_eDeviceMode_STARTUP</Text>
          <State>enSTE_OK</State>
        </Line>
        <Line>
          <Time>17:26:36,459</Time>
          <Text>192.168.0.6: IO-LINK Device Mode Ind 0: Mode IOL_eDeviceMode_IDENT_STARTUP</Text>
          <State>enSTE_OK</State>
        </Line>
        <Line>
          <Time>17:26:36,539</Time>
          <Text>192.168.0.6: IO-LINK Device Mode Ind 0: Mode IOL_eDeviceMode_PREOPERATE</Text>
          <State>enSTE_OK</State>
        </Line>
        <Line>
          <Time>17:26:36,552</Time>
          <Text>192.168.0.6: IO-LINK Device Port 0: AL Read Index 21 Subindex 0</Text>
          <State>enSTE_OK</State>
        </Line>
        <Line>
          <Time>17:26:36,553</Time>
          <Text>192.168.0.6: IO-LINK Device Port 0: AL Read Res: 0</Text>
          <State>enSTE_OK</State>
        </Line>
        <Line>
          <Time>17:26:37,676</Time>
          <Text>Stop Communication</Text>
          <State>enSTE_OK</State>
        </Line>
        <Line>
          <Time>17:26:38,004</Time>
          <Text>192.168.0.6: IO-LINK Device Mode Ind 0: Mode IOL_eDeviceMode_IDLE</Text>
          <State>enSTE_OK</State>
        </Line>
        <Line>
          <Time>17:26:38,004</Time>
          <Text>192.168.0.6: IO-LINK Device Port 0: Set Device Mode IOL_eDeviceMode_SIO Result: IOL_eErrorInfo_NONE</Text>
          <State>enSTE_OK</State>
        </Line>
        <Line>
          <Time>17:26:38,004</Time>
          <Text>192.168.0.6: IO-LINK Device Mode Ind 0: Mode IOL_eDeviceMode_SIO</Text>
          <State>enSTE_OK</State>
        </Line>
        <Line>
          <Time>17:26:38,213</Time>
          <Text>192.168.0.6: IO-LINK Device Set Wireshark</Text>
          <State>enSTE_OK</State>
        </Line>
        <Line>
          <Time>17:26:38,215</Time>
          <Text>No Response 1: 17:26:35,688 Master: F1-94-00-00 Device: None</Text>
          <State>enSTE_OK</State>
        </Line>
        <Line>
          <Time>17:26:38,215</Time>
          <Text>No Response 2: 17:26:35,698 Master: F1-94-00-00 Device: None</Text>
          <State>enSTE_OK</State>
        </Line>
        <Line>
          <Time>17:26:38,215</Time>
          <Text>No Response 3: 17:26:35,708 Master: F1-94-00-00 Device: None</Text>
          <State>enSTE_OK</State>
        </Line>
        <Line>
          <Time>17:26:38,215</Time>
          <Text>Establish after 698,1644ms</Text>
          <State>enSTE_OK</State>
        </Line>
        <Line>
          <Time>17:26:38,215</Time>
          <Text>Establish: 17:26:36,407 Master: A2-00 Device: 48-17</Text>
          <State>enSTE_OK</State>
        </Line>
        <Line>
          <Time>17:26:38,215</Time>
          <Text>Proceed Establish: 17:26:36,419 Master: A3-11 Device: 2B-1B</Text>
          <State>enSTE_OK</State>
        </Line>
        <Line>
          <Time>17:26:38,215</Time>
          <Text>Finished Test: Test SDCI_TC_0174 - Master No Response</Text>
          <State>enSTE_OK</State>
        </Line>
      </Lines>
    </Test>
    <Test Number="SDCI_TC_0176">
      <Name>Master Read Mirrored Data</Name>
      <Description>Master reads mirrored input/output Process Data from Device </Description>
      <Finished>True</Finished>
      <Lines>
        <Line>
          <Time>17:26:38,215</Time>
          <Text>_________Start Test: Test SDCI_TC_0176 - Master Read Mirrored Data</Text>
          <State>enSTE_OK</State>
        </Line>
        <Line>
          <Time>17:26:38,219</Time>
          <Text>Set Device Parameter</Text>
          <State>enSTE_OK</State>
        </Line>
        <Line>
          <Time>17:26:38,220</Time>
          <Text>192.168.0.6: IO-LINK Device Port 0: Set Device Mode IOL_eDeviceMode_IDLE Result: IOL_eErrorInfo_NONE</Text>
          <State>enSTE_OK</State>
        </Line>
        <Line>
          <Time>17:26:38,220</Time>
          <Text>192.168.0.6: IO-LINK Device Mode Ind 0: Mode IOL_eDeviceMode_IDLE</Text>
          <State>enSTE_OK</State>
        </Line>
        <Line>
          <Time>17:26:38,220</Time>
          <Text>192.168.0.6: IO-LINK Device Port 0: Init Result IOL_eErrorInfo_NONE</Text>
          <State>enSTE_OK</State>
        </Line>
        <Line>
          <Time>17:26:38,220</Time>
          <Text>192.168.0.6: IO-LINK Device Port 0: Set Device Mode IOL_eDeviceMode_SIO Result: IOL_eErrorInfo_NONE</Text>
          <State>enSTE_OK</State>
        </Line>
        <Line>
          <Time>17:26:38,220</Time>
          <Text>192.168.0.6: IO-LINK Device Mode Ind 0: Mode IOL_eDeviceMode_SIO</Text>
          <State>enSTE_OK</State>
        </Line>
        <Line>
          <Time>17:26:38,220</Time>
          <Text>192.168.0.6: IO-LINK Device Port 0: Set Device Mode IOL_eDeviceMode_SIO Result: IOL_eErrorInfo_NONE</Text>
          <State>enSTE_OK</State>
        </Line>
        <Line>
          <Time>17:26:38,221</Time>
          <Text>192.168.0.6: IO-LINK Device Set Wireshark</Text>
          <State>enSTE_OK</State>
        </Line>
        <Line>
          <Time>17:26:38,222</Time>
          <Text>Start Master</Text>
          <State>enSTE_OK</State>
        </Line>
        <Line>
          <Time>17:26:38,232</Time>
          <Text>192.168.0.6: IO-LINK Device Mode Ind 0: Mode IOL_eDeviceMode_ESTABCOM</Text>
          <State>enSTE_OK</State>
        </Line>
        <Line>
          <Time>17:26:38,233</Time>
          <Text>192.168.0.6: IO-LINK Device Mode Ind 0: Mode IOL_eDeviceMode_COMx</Text>
          <State>enSTE_OK</State>
        </Line>
        <Line>
          <Time>17:26:38,233</Time>
          <Text>192.168.0.6: IO-LINK Device Mode Ind 0: Mode IOL_eDeviceMode_STARTUP</Text>
          <State>enSTE_OK</State>
        </Line>
        <Line>
          <Time>17:26:38,286</Time>
          <Text>192.168.0.6: IO-LINK Device Mode Ind 0: Mode IOL_eDeviceMode_IDENT_STARTUP</Text>
          <State>enSTE_OK</State>
        </Line>
        <Line>
          <Time>17:26:38,365</Time>
          <Text>192.168.0.6: IO-LINK Device Mode Ind 0: Mode IOL_eDeviceMode_PREOPERATE</Text>
          <State>enSTE_OK</State>
        </Line>
        <Line>
          <Time>17:26:38,378</Time>
          <Text>192.168.0.6: IO-LINK Device Port 0: AL Read Index 21 Subindex 0</Text>
          <State>enSTE_OK</State>
        </Line>
        <Line>
          <Time>17:26:38,379</Time>
          <Text>192.168.0.6: IO-LINK Device Port 0: AL Read Res: 0</Text>
          <State>enSTE_OK</State>
        </Line>
        <Line>
          <Time>17:26:38,499</Time>
          <Text>192.168.0.6: IO-LINK Device Mode Ind 0: Mode IOL_eDeviceMode_OPERATE</Text>
          <State>enSTE_OK</State>
        </Line>
        <Line>
          <Time>17:26:38,549</Time>
          <Text>Set initial data to ff</Text>
          <State>enSTE_OK</State>
        </Line>
        <Line>
          <Time>17:26:38,565</Time>
          <Text>192.168.0.6: IO-LINK Device Port 0: Set Input Res Valid: True</Text>
          <State>enSTE_OK</State>
        </Line>
        <Line>
          <Time>17:26:38,617</Time>
          <Text>Start mirroring of data 0</Text>
          <State>enSTE_OK</State>
        </Line>
        <Line>
          <Time>17:26:38,630</Time>
          <Text>192.168.0.6: IO-LINK Device Port 0: Get Output Res Valid: True</Text>
          <State>enSTE_OK</State>
        </Line>
        <Line>
          <Time>17:26:38,630</Time>
          <Text>192.168.0.6: IO-LINK Device Port 0: Set Input Res Valid: True</Text>
          <State>enSTE_OK</State>
        </Line>
        <Line>
          <Time>17:26:38,664</Time>
          <Text>192.168.0.6: IO-LINK Device Port 0: Get Output Res Valid: True</Text>
          <State>enSTE_OK</State>
        </Line>
        <Line>
          <Time>17:26:38,664</Time>
          <Text>192.168.0.6: IO-LINK Device Port 0: Set Input Res Valid: True</Text>
          <State>enSTE_OK</State>
        </Line>
        <Line>
          <Time>17:26:38,696</Time>
          <Text>192.168.0.6: IO-LINK Device Port 0: Get Output Res Valid: True</Text>
          <State>enSTE_OK</State>
        </Line>
        <Line>
          <Time>17:26:38,696</Time>
          <Text>192.168.0.6: IO-LINK Device Port 0: Set Input Res Valid: True</Text>
          <State>enSTE_OK</State>
        </Line>
        <Line>
          <Time>17:26:38,709</Time>
          <Text>Got correct mirrored data after 66 ms</Text>
          <State>enSTE_OK</State>
        </Line>
        <Line>
          <Time>17:26:38,709</Time>
          <Text>Last Frame: 17:26:38,701 Master: F1-94-55-AA Device: 00-00-55-AA-2D</Text>
          <State>enSTE_OK</State>
        </Line>
        <Line>
          <Time>17:26:38,709</Time>
          <Text>Start mirroring of data 1</Text>
          <State>enSTE_OK</State>
        </Line>
        <Line>
          <Time>17:26:38,725</Time>
          <Text>192.168.0.6: IO-LINK Device Port 0: Get Output Res Valid: True</Text>
          <State>enSTE_OK</State>
        </Line>
        <Line>
          <Time>17:26:38,725</Time>
          <Text>192.168.0.6: IO-LINK Device Port 0: Set Input Res Valid: True</Text>
          <State>enSTE_OK</State>
        </Line>
        <Line>
          <Time>17:26:38,759</Time>
          <Text>192.168.0.6: IO-LINK Device Port 0: Get Output Res Valid: True</Text>
          <State>enSTE_OK</State>
        </Line>
        <Line>
          <Time>17:26:38,759</Time>
          <Text>192.168.0.6: IO-LINK Device Port 0: Set Input Res Valid: True</Text>
          <State>enSTE_OK</State>
        </Line>
        <Line>
          <Time>17:26:38,774</Time>
          <Text>Got correct mirrored data after 34 ms</Text>
          <State>enSTE_OK</State>
        </Line>
        <Line>
          <Time>17:26:38,774</Time>
          <Text>Last Frame: 17:26:38,774 Master: F1-B5-56-AB Device: 00-00-56-AB-0C</Text>
          <State>enSTE_OK</State>
        </Line>
        <Line>
          <Time>17:26:38,774</Time>
          <Text>Start mirroring of data 2</Text>
          <State>enSTE_OK</State>
        </Line>
        <Line>
          <Time>17:26:38,789</Time>
          <Text>192.168.0.6: IO-LINK Device Port 0: Get Output Res Valid: True</Text>
          <State>enSTE_OK</State>
        </Line>
        <Line>
          <Time>17:26:38,789</Time>
          <Text>192.168.0.6: IO-LINK Device Port 0: Set Input Res Valid: True</Text>
          <State>enSTE_OK</State>
        </Line>
        <Line>
          <Time>17:26:38,821</Time>
          <Text>192.168.0.6: IO-LINK Device Port 0: Get Output Res Valid: True</Text>
          <State>enSTE_OK</State>
        </Line>
        <Line>
          <Time>17:26:38,821</Time>
          <Text>192.168.0.6: IO-LINK Device Port 0: Set Input Res Valid: True</Text>
          <State>enSTE_OK</State>
        </Line>
        <Line>
          <Time>17:26:38,852</Time>
          <Text>192.168.0.6: IO-LINK Device Port 0: Get Output Res Valid: True</Text>
          <State>enSTE_OK</State>
        </Line>
        <Line>
          <Time>17:26:38,852</Time>
          <Text>192.168.0.6: IO-LINK Device Port 0: Set Input Res Valid: True</Text>
          <State>enSTE_OK</State>
        </Line>
        <Line>
          <Time>17:26:38,869</Time>
          <Text>Got correct mirrored data after 62 ms</Text>
          <State>enSTE_OK</State>
        </Line>
        <Line>
          <Time>17:26:38,869</Time>
          <Text>Last Frame: 17:26:38,860 Master: F1-86-57-AC Device: 00-00-57-AC-3F</Text>
          <State>enSTE_OK</State>
        </Line>
        <Line>
          <Time>17:26:38,869</Time>
          <Text>Start mirroring of data 3</Text>
          <State>enSTE_OK</State>
        </Line>
        <Line>
          <Time>17:26:38,885</Time>
          <Text>192.168.0.6: IO-LINK Device Port 0: Get Output Res Valid: True</Text>
          <State>enSTE_OK</State>
        </Line>
        <Line>
          <Time>17:26:38,885</Time>
          <Text>192.168.0.6: IO-LINK Device Port 0: Set Input Res Valid: True</Text>
          <State>enSTE_OK</State>
        </Line>
        <Line>
          <Time>17:26:38,915</Time>
          <Text>192.168.0.6: IO-LINK Device Port 0: Get Output Res Valid: True</Text>
          <State>enSTE_OK</State>
        </Line>
        <Line>
          <Time>17:26:38,915</Time>
          <Text>192.168.0.6: IO-LINK Device Port 0: Set Input Res Valid: True</Text>
          <State>enSTE_OK</State>
        </Line>
        <Line>
          <Time>17:26:38,933</Time>
          <Text>Got correct mirrored data after 29 ms</Text>
          <State>enSTE_OK</State>
        </Line>
        <Line>
          <Time>17:26:38,933</Time>
          <Text>Last Frame: 17:26:38,931 Master: F1-97-58-AD Device: 00-00-58-AD-2E</Text>
          <State>enSTE_OK</State>
        </Line>
        <Line>
          <Time>17:26:38,933</Time>
          <Text>Start mirroring of data 4</Text>
          <State>enSTE_OK</State>
        </Line>
        <Line>
          <Time>17:26:38,949</Time>
          <Text>192.168.0.6: IO-LINK Device Port 0: Get Output Res Valid: True</Text>
          <State>enSTE_OK</State>
        </Line>
        <Line>
          <Time>17:26:38,949</Time>
          <Text>192.168.0.6: IO-LINK Device Port 0: Set Input Res Valid: True</Text>
          <State>enSTE_OK</State>
        </Line>
        <Line>
          <Time>17:26:38,979</Time>
          <Text>192.168.0.6: IO-LINK Device Port 0: Get Output Res Valid: True</Text>
          <State>enSTE_OK</State>
        </Line>
        <Line>
          <Time>17:26:38,979</Time>
          <Text>192.168.0.6: IO-LINK Device Port 0: Set Input Res Valid: True</Text>
          <State>enSTE_OK</State>
        </Line>
        <Line>
          <Time>17:26:39,010</Time>
          <Text>192.168.0.6: IO-LINK Device Port 0: Get Output Res Valid: True</Text>
          <State>enSTE_OK</State>
        </Line>
        <Line>
          <Time>17:26:39,010</Time>
          <Text>192.168.0.6: IO-LINK Device Port 0: Set Input Res Valid: True</Text>
          <State>enSTE_OK</State>
        </Line>
        <Line>
          <Time>17:26:39,029</Time>
          <Text>Got correct mirrored data after 60 ms</Text>
          <State>enSTE_OK</State>
        </Line>
        <Line>
          <Time>17:26:39,029</Time>
          <Text>Last Frame: 17:26:39,021 Master: F1-B6-59-AE Device: 00-00-59-AE-0F</Text>
          <State>enSTE_OK</State>
        </Line>
        <Line>
          <Time>17:26:39,029</Time>
          <Text>Stop Communication</Text>
          <State>enSTE_OK</State>
        </Line>
        <Line>
          <Time>17:26:39,361</Time>
          <Text>192.168.0.6: IO-LINK Device Mode Ind 0: Mode IOL_eDeviceMode_IDLE</Text>
          <State>enSTE_OK</State>
        </Line>
        <Line>
          <Time>17:26:39,362</Time>
          <Text>192.168.0.6: IO-LINK Device Port 0: Set Device Mode IOL_eDeviceMode_SIO Result: IOL_eErrorInfo_NONE</Text>
          <State>enSTE_OK</State>
        </Line>
        <Line>
          <Time>17:26:39,362</Time>
          <Text>192.168.0.6: IO-LINK Device Mode Ind 0: Mode IOL_eDeviceMode_SIO</Text>
          <State>enSTE_OK</State>
        </Line>
        <Line>
          <Time>17:26:39,565</Time>
          <Text>192.168.0.6: IO-LINK Device Set Wireshark</Text>
          <State>enSTE_OK</State>
        </Line>
        <Line>
          <Time>17:26:39,567</Time>
          <Text>192.168.0.6: IO-LINK Device Port 0: Init Result IOL_eErrorInfo_NONE</Text>
          <State>enSTE_OK</State>
        </Line>
        <Line>
          <Time>17:26:39,567</Time>
          <Text>Finished Test: Test SDCI_TC_0176 - Master Read Mirrored Data</Text>
          <State>enSTE_OK</State>
        </Line>
      </Lines>
    </Test>
    <Test Number="SDCI_TC_0177">
      <Name>Master PD Invalid</Name>
      <Description>Master propagates PD invalid indication in a correct manner</Description>
      <Finished>True</Finished>
      <Lines>
        <Line>
          <Time>17:26:39,567</Time>
          <Text>_________Start Test: Test SDCI_TC_0177 - Master PD Invalid</Text>
          <State>enSTE_OK</State>
        </Line>
        <Line>
          <Time>17:26:39,568</Time>
          <Text>Set Device Parameter</Text>
          <State>enSTE_OK</State>
        </Line>
        <Line>
          <Time>17:26:39,568</Time>
          <Text>192.168.0.6: IO-LINK Device Port 0: Set Device Mode IOL_eDeviceMode_IDLE Result: IOL_eErrorInfo_NONE</Text>
          <State>enSTE_OK</State>
        </Line>
        <Line>
          <Time>17:26:39,568</Time>
          <Text>192.168.0.6: IO-LINK Device Mode Ind 0: Mode IOL_eDeviceMode_IDLE</Text>
          <State>enSTE_OK</State>
        </Line>
        <Line>
          <Time>17:26:39,569</Time>
          <Text>192.168.0.6: IO-LINK Device Port 0: Init Result IOL_eErrorInfo_NONE</Text>
          <State>enSTE_OK</State>
        </Line>
        <Line>
          <Time>17:26:39,569</Time>
          <Text>192.168.0.6: IO-LINK Device Port 0: Set Device Mode IOL_eDeviceMode_SIO Result: IOL_eErrorInfo_NONE</Text>
          <State>enSTE_OK</State>
        </Line>
        <Line>
          <Time>17:26:39,569</Time>
          <Text>192.168.0.6: IO-LINK Device Mode Ind 0: Mode IOL_eDeviceMode_SIO</Text>
          <State>enSTE_OK</State>
        </Line>
        <Line>
          <Time>17:26:39,569</Time>
          <Text>192.168.0.6: IO-LINK Device Port 0: Set Device Mode IOL_eDeviceMode_SIO Result: IOL_eErrorInfo_NONE</Text>
          <State>enSTE_OK</State>
        </Line>
        <Line>
          <Time>17:26:39,570</Time>
          <Text>192.168.0.6: IO-LINK Device Set Wireshark</Text>
          <State>enSTE_OK</State>
        </Line>
        <Line>
          <Time>17:26:39,570</Time>
          <Text>Start Master</Text>
          <State>enSTE_OK</State>
        </Line>
        <Line>
          <Time>17:26:39,591</Time>
          <Text>192.168.0.6: IO-LINK Device Mode Ind 0: Mode IOL_eDeviceMode_ESTABCOM</Text>
          <State>enSTE_OK</State>
        </Line>
        <Line>
          <Time>17:26:39,593</Time>
          <Text>192.168.0.6: IO-LINK Device Mode Ind 0: Mode IOL_eDeviceMode_COMx</Text>
          <State>enSTE_OK</State>
        </Line>
        <Line>
          <Time>17:26:39,593</Time>
          <Text>192.168.0.6: IO-LINK Device Mode Ind 0: Mode IOL_eDeviceMode_STARTUP</Text>
          <State>enSTE_OK</State>
        </Line>
        <Line>
          <Time>17:26:39,645</Time>
          <Text>192.168.0.6: IO-LINK Device Mode Ind 0: Mode IOL_eDeviceMode_IDENT_STARTUP</Text>
          <State>enSTE_OK</State>
        </Line>
        <Line>
          <Time>17:26:39,725</Time>
          <Text>192.168.0.6: IO-LINK Device Mode Ind 0: Mode IOL_eDeviceMode_PREOPERATE</Text>
          <State>enSTE_OK</State>
        </Line>
        <Line>
          <Time>17:26:39,738</Time>
          <Text>192.168.0.6: IO-LINK Device Port 0: AL Read Index 21 Subindex 0</Text>
          <State>enSTE_OK</State>
        </Line>
        <Line>
          <Time>17:26:39,739</Time>
          <Text>192.168.0.6: IO-LINK Device Port 0: AL Read Res: 0</Text>
          <State>enSTE_OK</State>
        </Line>
        <Line>
          <Time>17:26:39,838</Time>
          <Text>192.168.0.6: IO-LINK Device Mode Ind 0: Mode IOL_eDeviceMode_OPERATE</Text>
          <State>enSTE_OK</State>
        </Line>
        <Line>
          <Time>17:26:39,893</Time>
          <Text>192.168.0.6: IO-LINK Device Port 0: Set Input Res Valid: True</Text>
          <State>enSTE_OK</State>
        </Line>
        <Line>
          <Time>17:26:40,004</Time>
          <Text>Precondition valid processdata is present</Text>
          <State>enSTE_OK</State>
        </Line>
        <Line>
          <Time>17:26:40,005</Time>
          <Text>192.168.0.6: IO-LINK Device Port 0: Set Input Res Valid: False</Text>
          <State>enSTE_OK</State>
        </Line>
        <Line>
          <Time>17:26:40,118</Time>
          <Text>Invalid processdata is signaled</Text>
          <State>enSTE_OK</State>
        </Line>
        <Line>
          <Time>17:26:40,118</Time>
          <Text>Last Frame: 17:26:40,110 Master: F1-B6-59-AE Device: 00-00-FF-FF-75</Text>
          <State>enSTE_OK</State>
        </Line>
        <Line>
          <Time>17:26:40,118</Time>
          <Text>PDinvalid status is set in last cks byte</Text>
          <State>enSTE_OK</State>
        </Line>
        <Line>
          <Time>17:26:40,118</Time>
          <Text>Stop Communication</Text>
          <State>enSTE_OK</State>
        </Line>
        <Line>
          <Time>17:26:40,451</Time>
          <Text>192.168.0.6: IO-LINK Device Mode Ind 0: Mode IOL_eDeviceMode_IDLE</Text>
          <State>enSTE_OK</State>
        </Line>
        <Line>
          <Time>17:26:40,451</Time>
          <Text>192.168.0.6: IO-LINK Device Port 0: Set Device Mode IOL_eDeviceMode_SIO Result: IOL_eErrorInfo_NONE</Text>
          <State>enSTE_OK</State>
        </Line>
        <Line>
          <Time>17:26:40,451</Time>
          <Text>192.168.0.6: IO-LINK Device Mode Ind 0: Mode IOL_eDeviceMode_SIO</Text>
          <State>enSTE_OK</State>
        </Line>
        <Line>
          <Time>17:26:40,658</Time>
          <Text>192.168.0.6: IO-LINK Device Set Wireshark</Text>
          <State>enSTE_OK</State>
        </Line>
        <Line>
          <Time>17:26:40,660</Time>
          <Text>192.168.0.6: IO-LINK Device Port 0: Init Result IOL_eErrorInfo_NONE</Text>
          <State>enSTE_OK</State>
        </Line>
        <Line>
          <Time>17:26:40,660</Time>
          <Text>Finished Test: Test SDCI_TC_0177 - Master PD Invalid</Text>
          <State>enSTE_OK</State>
        </Line>
      </Lines>
    </Test>
    <Test Number="SDCI_TC_0178">
      <Name>Master PD Valid</Name>
      <Description>Master propagates PDValid indication in a correct manner </Description>
      <Finished>True</Finished>
      <Lines>
        <Line>
          <Time>17:26:40,660</Time>
          <Text>_________Start Test: Test SDCI_TC_0178 - Master PD Valid</Text>
          <State>enSTE_OK</State>
        </Line>
        <Line>
          <Time>17:26:40,662</Time>
          <Text>Set Device Parameter</Text>
          <State>enSTE_OK</State>
        </Line>
        <Line>
          <Time>17:26:40,662</Time>
          <Text>192.168.0.6: IO-LINK Device Port 0: Set Device Mode IOL_eDeviceMode_IDLE Result: IOL_eErrorInfo_NONE</Text>
          <State>enSTE_OK</State>
        </Line>
        <Line>
          <Time>17:26:40,662</Time>
          <Text>192.168.0.6: IO-LINK Device Mode Ind 0: Mode IOL_eDeviceMode_IDLE</Text>
          <State>enSTE_OK</State>
        </Line>
        <Line>
          <Time>17:26:40,662</Time>
          <Text>192.168.0.6: IO-LINK Device Port 0: Init Result IOL_eErrorInfo_NONE</Text>
          <State>enSTE_OK</State>
        </Line>
        <Line>
          <Time>17:26:40,663</Time>
          <Text>192.168.0.6: IO-LINK Device Port 0: Set Device Mode IOL_eDeviceMode_SIO Result: IOL_eErrorInfo_NONE</Text>
          <State>enSTE_OK</State>
        </Line>
        <Line>
          <Time>17:26:40,663</Time>
          <Text>192.168.0.6: IO-LINK Device Mode Ind 0: Mode IOL_eDeviceMode_SIO</Text>
          <State>enSTE_OK</State>
        </Line>
        <Line>
          <Time>17:26:40,663</Time>
          <Text>192.168.0.6: IO-LINK Device Port 0: Set Device Mode IOL_eDeviceMode_SIO Result: IOL_eErrorInfo_NONE</Text>
          <State>enSTE_OK</State>
        </Line>
        <Line>
          <Time>17:26:40,664</Time>
          <Text>192.168.0.6: IO-LINK Device Set Wireshark</Text>
          <State>enSTE_OK</State>
        </Line>
        <Line>
          <Time>17:26:40,664</Time>
          <Text>Start Master</Text>
          <State>enSTE_OK</State>
        </Line>
        <Line>
          <Time>17:26:40,679</Time>
          <Text>192.168.0.6: IO-LINK Device Mode Ind 0: Mode IOL_eDeviceMode_ESTABCOM</Text>
          <State>enSTE_OK</State>
        </Line>
        <Line>
          <Time>17:26:40,681</Time>
          <Text>192.168.0.6: IO-LINK Device Mode Ind 0: Mode IOL_eDeviceMode_COMx</Text>
          <State>enSTE_OK</State>
        </Line>
        <Line>
          <Time>17:26:40,681</Time>
          <Text>192.168.0.6: IO-LINK Device Mode Ind 0: Mode IOL_eDeviceMode_STARTUP</Text>
          <State>enSTE_OK</State>
        </Line>
        <Line>
          <Time>17:26:40,733</Time>
          <Text>192.168.0.6: IO-LINK Device Mode Ind 0: Mode IOL_eDeviceMode_IDENT_STARTUP</Text>
          <State>enSTE_OK</State>
        </Line>
        <Line>
          <Time>17:26:40,814</Time>
          <Text>192.168.0.6: IO-LINK Device Mode Ind 0: Mode IOL_eDeviceMode_PREOPERATE</Text>
          <State>enSTE_OK</State>
        </Line>
        <Line>
          <Time>17:26:40,827</Time>
          <Text>192.168.0.6: IO-LINK Device Port 0: AL Read Index 21 Subindex 0</Text>
          <State>enSTE_OK</State>
        </Line>
        <Line>
          <Time>17:26:40,827</Time>
          <Text>192.168.0.6: IO-LINK Device Port 0: AL Read Res: 0</Text>
          <State>enSTE_OK</State>
        </Line>
        <Line>
          <Time>17:26:40,928</Time>
          <Text>192.168.0.6: IO-LINK Device Mode Ind 0: Mode IOL_eDeviceMode_OPERATE</Text>
          <State>enSTE_OK</State>
        </Line>
        <Line>
          <Time>17:26:40,981</Time>
          <Text>192.168.0.6: IO-LINK Device Port 0: Set Input Res Valid: False</Text>
          <State>enSTE_OK</State>
        </Line>
        <Line>
          <Time>17:26:41,093</Time>
          <Text>Precondition invalid processdata is present</Text>
          <State>enSTE_OK</State>
        </Line>
        <Line>
          <Time>17:26:41,093</Time>
          <Text>192.168.0.6: IO-LINK Device Port 0: Set Input Res Valid: True</Text>
          <State>enSTE_OK</State>
        </Line>
        <Line>
          <Time>17:26:41,205</Time>
          <Text>Valid processdata is signaled</Text>
          <State>enSTE_OK</State>
        </Line>
        <Line>
          <Time>17:26:41,205</Time>
          <Text>Last Frame: 17:26:41,199 Master: F1-B6-59-AE Device: 00-00-FF-FF-2D</Text>
          <State>enSTE_OK</State>
        </Line>
        <Line>
          <Time>17:26:41,205</Time>
          <Text>PDvalid status is set in last cks byte</Text>
          <State>enSTE_OK</State>
        </Line>
        <Line>
          <Time>17:26:41,205</Time>
          <Text>Stop Communication</Text>
          <State>enSTE_OK</State>
        </Line>
        <Line>
          <Time>17:26:41,540</Time>
          <Text>192.168.0.6: IO-LINK Device Mode Ind 0: Mode IOL_eDeviceMode_IDLE</Text>
          <State>enSTE_OK</State>
        </Line>
        <Line>
          <Time>17:26:41,540</Time>
          <Text>192.168.0.6: IO-LINK Device Port 0: Set Device Mode IOL_eDeviceMode_SIO Result: IOL_eErrorInfo_NONE</Text>
          <State>enSTE_OK</State>
        </Line>
        <Line>
          <Time>17:26:41,540</Time>
          <Text>192.168.0.6: IO-LINK Device Mode Ind 0: Mode IOL_eDeviceMode_SIO</Text>
          <State>enSTE_OK</State>
        </Line>
        <Line>
          <Time>17:26:41,740</Time>
          <Text>192.168.0.6: IO-LINK Device Set Wireshark</Text>
          <State>enSTE_OK</State>
        </Line>
        <Line>
          <Time>17:26:41,741</Time>
          <Text>192.168.0.6: IO-LINK Device Port 0: Init Result IOL_eErrorInfo_NONE</Text>
          <State>enSTE_OK</State>
        </Line>
        <Line>
          <Time>17:26:41,741</Time>
          <Text>Finished Test: Test SDCI_TC_0178 - Master PD Valid</Text>
          <State>enSTE_OK</State>
        </Line>
      </Lines>
    </Test>
  </Tests>
</TestReport>