﻿<?xml version="1.0" encoding="UTF-8" standalone="yes"?>
<?xml-stylesheet href="testLogFile.xsl" type="text/xsl"?>
<TestReport>
  <Name>Testspec 8.15 - Legacy Device</Name>
  <StartTime>01.06.2021 17:35:27</StartTime>
  <EndTime>01.06.2021 17:35:47</EndTime>
  <Tests>
    <Test Number="GE 0000">
      <Name>Test-Tool-Version</Name>
      <Description>Notes the version of the Test-Tool in the LogFile</Description>
      <Finished>True</Finished>
      <Lines>
        <Line>
          <Time>17:35:27,226</Time>
          <Text>_________Start Test: Test GE 0000 - Test-Tool-Version</Text>
          <State>enSTE_OK</State>
        </Line>
        <Line>
          <Time>17:35:27,226</Time>
          <Text>Version of the Test-Tool: 1.0.1.0.673921076</Text>
          <State>enSTE_OK</State>
        </Line>
        <Line>
          <Time>17:35:27,226</Time>
          <Text>Master Stack Version: 0.0.0.0</Text>
          <State>enSTE_OK</State>
        </Line>
        <Line>
          <Time>17:35:27,226</Time>
          <Text>Master App Version: 0.0.0</Text>
          <State>enSTE_OK</State>
        </Line>
        <Line>
          <Time>17:35:27,226</Time>
          <Text>Master Hardware Version: 0.0</Text>
          <State>enSTE_OK</State>
        </Line>
        <Line>
          <Time>17:35:27,227</Time>
          <Text>192.168.0.6: IO-LINK Device: Get Version</Text>
          <State>enSTE_OK</State>
        </Line>
        <Line>
          <Time>17:35:27,227</Time>
          <Text>Device Stack Version: 1.0.1.52800</Text>
          <State>enSTE_OK</State>
        </Line>
        <Line>
          <Time>17:35:27,227</Time>
          <Text>Device App Version: 1.1.3462478820</Text>
          <State>enSTE_OK</State>
        </Line>
        <Line>
          <Time>17:35:27,227</Time>
          <Text>Device Hardware Version: 102.0</Text>
          <State>enSTE_OK</State>
        </Line>
        <Line>
          <Time>17:35:27,227</Time>
          <Text>Finished Test: Test GE 0000 - Test-Tool-Version</Text>
          <State>enSTE_OK</State>
        </Line>
      </Lines>
    </Test>
    <Test Number="GE 0001">
      <Name>Init</Name>
      <Description>Init Hardware</Description>
      <Finished>True</Finished>
      <Lines>
        <Line>
          <Time>17:35:27,227</Time>
          <Text>_________Start Test: Test GE 0001 - Init</Text>
          <State>enSTE_OK</State>
        </Line>
        <Line>
          <Time>17:35:27,227</Time>
          <Text>Set Master Ports to inactive</Text>
          <State>enSTE_OK</State>
        </Line>
        <Line>
          <Time>17:35:27,539</Time>
          <Text>192.168.0.6: IO-LINK Device Set Wireshark</Text>
          <State>enSTE_OK</State>
        </Line>
        <Line>
          <Time>17:35:28,551</Time>
          <Text>Set Device Ports to inactive</Text>
          <State>enSTE_OK</State>
        </Line>
        <Line>
          <Time>17:35:28,552</Time>
          <Text>192.168.0.6: IO-LINK Device Mode Ind 0: Mode IOL_eDeviceMode_IDLE</Text>
          <State>enSTE_OK</State>
        </Line>
        <Line>
          <Time>17:35:28,552</Time>
          <Text>192.168.0.6: IO-LINK Device Port 0: Set Device Mode IOL_eDeviceMode_IDLE Result: IOL_eErrorInfo_NONE</Text>
          <State>enSTE_OK</State>
        </Line>
        <Line>
          <Time>17:35:28,552</Time>
          <Text>192.168.0.6: IO-LINK Device Port 0: Set Device Mode IOL_eDeviceMode_SIO Result: IOL_eErrorInfo_NONE</Text>
          <State>enSTE_OK</State>
        </Line>
        <Line>
          <Time>17:35:28,553</Time>
          <Text>192.168.0.6: IO-LINK Device Mode Ind 0: Mode IOL_eDeviceMode_SIO</Text>
          <State>enSTE_OK</State>
        </Line>
        <Line>
          <Time>17:35:28,553</Time>
          <Text>192.168.0.6: IO-LINK Device Port 0: Init Result IOL_eErrorInfo_NONE</Text>
          <State>enSTE_OK</State>
        </Line>
        <Line>
          <Time>17:35:28,553</Time>
          <Text>192.168.0.6: IO-LINK Device Port 0: Set TestCase</Text>
          <State>enSTE_OK</State>
        </Line>
        <Line>
          <Time>17:35:28,554</Time>
          <Text>192.168.0.6: IO-LINK Device Port 0: Set Input Res Valid: False</Text>
          <State>enSTE_OK</State>
        </Line>
        <Line>
          <Time>17:35:28,554</Time>
          <Text>192.168.0.6: IO-LINK Device Port 1: Set Device Mode IOL_eDeviceMode_IDLE Result: IOL_eErrorInfo_NONE</Text>
          <State>enSTE_OK</State>
        </Line>
        <Line>
          <Time>17:35:28,554</Time>
          <Text>192.168.0.6: IO-LINK Device Mode Ind 1: Mode IOL_eDeviceMode_IDLE</Text>
          <State>enSTE_OK</State>
        </Line>
        <Line>
          <Time>17:35:28,555</Time>
          <Text>192.168.0.6: IO-LINK Device Port 1: Set Device Mode IOL_eDeviceMode_SIO Result: IOL_eErrorInfo_NONE</Text>
          <State>enSTE_OK</State>
        </Line>
        <Line>
          <Time>17:35:28,555</Time>
          <Text>192.168.0.6: IO-LINK Device Mode Ind 1: Mode IOL_eDeviceMode_SIO</Text>
          <State>enSTE_OK</State>
        </Line>
        <Line>
          <Time>17:35:28,555</Time>
          <Text>192.168.0.6: IO-LINK Device Port 1: Init Result IOL_eErrorInfo_NONE</Text>
          <State>enSTE_OK</State>
        </Line>
        <Line>
          <Time>17:35:28,555</Time>
          <Text>192.168.0.6: IO-LINK Device Port 1: Set TestCase</Text>
          <State>enSTE_OK</State>
        </Line>
        <Line>
          <Time>17:35:28,556</Time>
          <Text>192.168.0.6: IO-LINK Device Port 1: Set Input Res Valid: False</Text>
          <State>enSTE_OK</State>
        </Line>
        <Line>
          <Time>17:35:28,556</Time>
          <Text>192.168.0.6: IO-LINK Device Mode Ind 2: Mode IOL_eDeviceMode_IDLE</Text>
          <State>enSTE_OK</State>
        </Line>
        <Line>
          <Time>17:35:28,556</Time>
          <Text>192.168.0.6: IO-LINK Device Port 2: Set Device Mode IOL_eDeviceMode_IDLE Result: IOL_eErrorInfo_NONE</Text>
          <State>enSTE_OK</State>
        </Line>
        <Line>
          <Time>17:35:28,556</Time>
          <Text>192.168.0.6: IO-LINK Device Port 2: Set Device Mode IOL_eDeviceMode_SIO Result: IOL_eErrorInfo_NONE</Text>
          <State>enSTE_OK</State>
        </Line>
        <Line>
          <Time>17:35:28,556</Time>
          <Text>192.168.0.6: IO-LINK Device Mode Ind 2: Mode IOL_eDeviceMode_SIO</Text>
          <State>enSTE_OK</State>
        </Line>
        <Line>
          <Time>17:35:28,556</Time>
          <Text>192.168.0.6: IO-LINK Device Port 2: Init Result IOL_eErrorInfo_NONE</Text>
          <State>enSTE_OK</State>
        </Line>
        <Line>
          <Time>17:35:28,557</Time>
          <Text>192.168.0.6: IO-LINK Device Port 2: Set TestCase</Text>
          <State>enSTE_OK</State>
        </Line>
        <Line>
          <Time>17:35:28,557</Time>
          <Text>192.168.0.6: IO-LINK Device Port 2: Set Input Res Valid: False</Text>
          <State>enSTE_OK</State>
        </Line>
        <Line>
          <Time>17:35:29,063</Time>
          <Text>Set Default Listener</Text>
          <State>enSTE_OK</State>
        </Line>
        <Line>
          <Time>17:35:29,064</Time>
          <Text>192.168.0.6: IO-LINK Device Set Abort Listener</Text>
          <State>enSTE_OK</State>
        </Line>
        <Line>
          <Time>17:35:29,064</Time>
          <Text>192.168.0.6: IO-LINK Device Set Read Listener</Text>
          <State>enSTE_OK</State>
        </Line>
        <Line>
          <Time>17:35:29,065</Time>
          <Text>192.168.0.6: IO-LINK Device Set Write Listener</Text>
          <State>enSTE_OK</State>
        </Line>
        <Line>
          <Time>17:35:29,065</Time>
          <Text>192.168.0.6: IO-LINK Device Set Mode Listener</Text>
          <State>enSTE_OK</State>
        </Line>
        <Line>
          <Time>17:35:29,065</Time>
          <Text>Finished Test: Test GE 0001 - Init</Text>
          <State>enSTE_OK</State>
        </Line>
      </Lines>
    </Test>
    <Test Number="SDCI_TC_0285">
      <Name>Legacy Startup</Name>
      <Description>Master detects legacy Device and establishes connection</Description>
      <Finished>True</Finished>
      <Lines>
        <Line>
          <Time>17:35:29,065</Time>
          <Text>_________Start Test: Test SDCI_TC_0285 - Legacy Startup</Text>
          <State>enSTE_OK</State>
        </Line>
        <Line>
          <Time>17:35:29,065</Time>
          <Text>Set Device Parameter</Text>
          <State>enSTE_OK</State>
        </Line>
        <Line>
          <Time>17:35:29,065</Time>
          <Text>Device Revision: 16</Text>
          <State>enSTE_OK</State>
        </Line>
        <Line>
          <Time>17:35:29,066</Time>
          <Text>192.168.0.6: IO-LINK Device Mode Ind 0: Mode IOL_eDeviceMode_IDLE</Text>
          <State>enSTE_OK</State>
        </Line>
        <Line>
          <Time>17:35:29,066</Time>
          <Text>192.168.0.6: IO-LINK Device Port 0: Set Device Mode IOL_eDeviceMode_IDLE Result: IOL_eErrorInfo_NONE</Text>
          <State>enSTE_OK</State>
        </Line>
        <Line>
          <Time>17:35:29,066</Time>
          <Text>192.168.0.6: IO-LINK Device Port 0: Set Device Mode IOL_eDeviceMode_SIO Result: IOL_eErrorInfo_NONE</Text>
          <State>enSTE_OK</State>
        </Line>
        <Line>
          <Time>17:35:29,066</Time>
          <Text>192.168.0.6: IO-LINK Device Mode Ind 0: Mode IOL_eDeviceMode_SIO</Text>
          <State>enSTE_OK</State>
        </Line>
        <Line>
          <Time>17:35:29,066</Time>
          <Text>192.168.0.6: IO-LINK Device Port 0: Init Result IOL_eErrorInfo_NONE</Text>
          <State>enSTE_OK</State>
        </Line>
        <Line>
          <Time>17:35:29,066</Time>
          <Text>192.168.0.6: IO-LINK Device Mode Ind 0: Mode IOL_eDeviceMode_SIO</Text>
          <State>enSTE_OK</State>
        </Line>
        <Line>
          <Time>17:35:29,066</Time>
          <Text>192.168.0.6: IO-LINK Device Port 0: Set Device Mode IOL_eDeviceMode_SIO Result: IOL_eErrorInfo_NONE</Text>
          <State>enSTE_OK</State>
        </Line>
        <Line>
          <Time>17:35:29,068</Time>
          <Text>192.168.0.6: IO-LINK Device Set Wireshark</Text>
          <State>enSTE_OK</State>
        </Line>
        <Line>
          <Time>17:35:29,068</Time>
          <Text>192.168.0.6: IO-LINK Device Port 0: Set TestCase</Text>
          <State>enSTE_OK</State>
        </Line>
        <Line>
          <Time>17:35:29,068</Time>
          <Text>Start Master</Text>
          <State>enSTE_OK</State>
        </Line>
        <Line>
          <Time>17:35:29,068</Time>
          <Text>Target Mode: IOL_eTargetMode_AUTOCOM</Text>
          <State>enSTE_OK</State>
        </Line>
        <Line>
          <Time>17:35:29,068</Time>
          <Text>Inspection: IOL_eInspectionLevel_NO_CHECK</Text>
          <State>enSTE_OK</State>
        </Line>
        <Line>
          <Time>17:35:29,078</Time>
          <Text>192.168.0.6: IO-LINK Device Mode Ind 0: Mode IOL_eDeviceMode_ESTABCOM</Text>
          <State>enSTE_OK</State>
        </Line>
        <Line>
          <Time>17:35:29,079</Time>
          <Text>192.168.0.6: IO-LINK Device Mode Ind 0: Mode IOL_eDeviceMode_COMx</Text>
          <State>enSTE_OK</State>
        </Line>
        <Line>
          <Time>17:35:29,080</Time>
          <Text>192.168.0.6: IO-LINK Device Mode Ind 0: Mode IOL_eDeviceMode_STARTUP</Text>
          <State>enSTE_OK</State>
        </Line>
        <Line>
          <Time>17:35:29,211</Time>
          <Text>192.168.0.6: IO-LINK Device Mode Ind 0: Mode IOL_eDeviceMode_OPERATE</Text>
          <State>enSTE_OK</State>
        </Line>
        <Line>
          <Time>17:35:29,253</Time>
          <Text>192.168.0.6: IO-LINK Device Port 0: AL Read Index 21 Subindex 0</Text>
          <State>enSTE_OK</State>
        </Line>
        <Line>
          <Time>17:35:29,253</Time>
          <Text>192.168.0.6: IO-LINK Device Port 0: AL Read Res: 0</Text>
          <State>enSTE_OK</State>
        </Line>
        <Line>
          <Time>17:35:29,819</Time>
          <Text>Stop Communication</Text>
          <State>enSTE_OK</State>
        </Line>
        <Line>
          <Time>17:35:29,860</Time>
          <Text>192.168.0.6: IO-LINK Device Mode Ind 0: Mode IOL_eDeviceMode_IDLE</Text>
          <State>enSTE_OK</State>
        </Line>
        <Line>
          <Time>17:35:29,860</Time>
          <Text>192.168.0.6: IO-LINK Device Port 0: Set Device Mode IOL_eDeviceMode_IDLE Result: IOL_eErrorInfo_NONE</Text>
          <State>enSTE_OK</State>
        </Line>
        <Line>
          <Time>17:35:29,860</Time>
          <Text>192.168.0.6: IO-LINK Device Port 0: Set Device Mode IOL_eDeviceMode_SIO Result: IOL_eErrorInfo_NONE</Text>
          <State>enSTE_OK</State>
        </Line>
        <Line>
          <Time>17:35:29,860</Time>
          <Text>192.168.0.6: IO-LINK Device Mode Ind 0: Mode IOL_eDeviceMode_SIO</Text>
          <State>enSTE_OK</State>
        </Line>
        <Line>
          <Time>17:35:30,144</Time>
          <Text>192.168.0.6: IO-LINK Device Mode Ind 0: Mode IOL_eDeviceMode_IDLE</Text>
          <State>enSTE_OK</State>
        </Line>
        <Line>
          <Time>17:35:30,145</Time>
          <Text>192.168.0.6: IO-LINK Device Port 0: Set Device Mode IOL_eDeviceMode_SIO Result: IOL_eErrorInfo_NONE</Text>
          <State>enSTE_OK</State>
        </Line>
        <Line>
          <Time>17:35:30,145</Time>
          <Text>192.168.0.6: IO-LINK Device Mode Ind 0: Mode IOL_eDeviceMode_SIO</Text>
          <State>enSTE_OK</State>
        </Line>
        <Line>
          <Time>17:35:30,471</Time>
          <Text>192.168.0.6: IO-LINK Device Set Wireshark</Text>
          <State>enSTE_OK</State>
        </Line>
        <Line>
          <Time>17:35:30,472</Time>
          <Text>Start Line Analyzer</Text>
          <State>enSTE_OK</State>
        </Line>
        <Line>
          <Time>17:35:30,472</Time>
          <Text>Found Pattern: Sequence Change Type_0</Text>
          <State>enSTE_OK</State>
        </Line>
        <Line>
          <Time>17:35:30,472</Time>
          <Text>Found No Pattern: Page Write IOL_eDirectParam_MasterCommand Value: IOL_eMasterCommand_MasterIdent</Text>
          <State>enSTE_OK</State>
        </Line>
        <Line>
          <Time>17:35:30,472</Time>
          <Text>Found Pattern: Page Read IOL_eDirectParam_VendorID1 Value: 2</Text>
          <State>enSTE_OK</State>
        </Line>
        <Line>
          <Time>17:35:30,473</Time>
          <Text>Found Pattern: Page Read IOL_eDirectParam_VendorID2 Value: 164</Text>
          <State>enSTE_OK</State>
        </Line>
        <Line>
          <Time>17:35:30,473</Time>
          <Text>Found Pattern: Page Read IOL_eDirectParam_DeviceID1 Value: 0</Text>
          <State>enSTE_OK</State>
        </Line>
        <Line>
          <Time>17:35:30,473</Time>
          <Text>Found Pattern: Page Read IOL_eDirectParam_DeviceID2 Value: 43</Text>
          <State>enSTE_OK</State>
        </Line>
        <Line>
          <Time>17:35:30,473</Time>
          <Text>Found Pattern: Page Read IOL_eDirectParam_DeviceID3 Value: 210</Text>
          <State>enSTE_OK</State>
        </Line>
        <Line>
          <Time>17:35:30,473</Time>
          <Text>Found Pattern: Page Write IOL_eDirectParam_MasterCycleTime Value: 72</Text>
          <State>enSTE_OK</State>
        </Line>
        <Line>
          <Time>17:35:30,473</Time>
          <Text>Found Pattern: Info ChangeToOperate</Text>
          <State>enSTE_OK</State>
        </Line>
        <Line>
          <Time>17:35:30,473</Time>
          <Text>Found Pattern: Sequence Change Type_2_5</Text>
          <State>enSTE_OK</State>
        </Line>
        <Line>
          <Time>17:35:30,473</Time>
          <Text>Found Pattern: ISDU Read Req 21/0</Text>
          <State>enSTE_OK</State>
        </Line>
        <Line>
          <Time>17:35:30,473</Time>
          <Text>Found Pattern: ISDU Read Rsp IOL_eErrorType_NONE Length: 15</Text>
          <State>enSTE_OK</State>
        </Line>
        <Line>
          <Time>17:35:30,473</Time>
          <Text>Found Pattern: Page Write IOL_eDirectParam_MasterCycleTime Value: 72</Text>
          <State>enSTE_OK</State>
        </Line>
        <Line>
          <Time>17:35:30,473</Time>
          <Text>Found Pattern: Info ChangeToOperate</Text>
          <State>enSTE_OK</State>
        </Line>
        <Line>
          <Time>17:35:30,473</Time>
          <Text>Test finished without Errors -&gt; passed</Text>
          <State>enSTE_OK</State>
        </Line>
        <Line>
          <Time>17:35:30,474</Time>
          <Text>192.168.0.6: IO-LINK Device Set Abort Listener</Text>
          <State>enSTE_OK</State>
        </Line>
        <Line>
          <Time>17:35:30,474</Time>
          <Text>192.168.0.6: IO-LINK Device Set Read Listener</Text>
          <State>enSTE_OK</State>
        </Line>
        <Line>
          <Time>17:35:30,474</Time>
          <Text>192.168.0.6: IO-LINK Device Set Write Listener</Text>
          <State>enSTE_OK</State>
        </Line>
        <Line>
          <Time>17:35:30,475</Time>
          <Text>192.168.0.6: IO-LINK Device Set Mode Listener</Text>
          <State>enSTE_OK</State>
        </Line>
        <Line>
          <Time>17:35:30,475</Time>
          <Text>192.168.0.6: IO-LINK Device Port 0: Set TestCase</Text>
          <State>enSTE_OK</State>
        </Line>
        <Line>
          <Time>17:35:30,483</Time>
          <Text>Finished Test: Test SDCI_TC_0285 - Legacy Startup</Text>
          <State>enSTE_OK</State>
        </Line>
      </Lines>
    </Test>
    <Test Number="SDCI_TC_0286">
      <Name>Legacy Startup Inerleave</Name>
      <Description>Master detects legacy Device and establishes interleave mode</Description>
      <Finished>True</Finished>
      <Lines>
        <Line>
          <Time>17:35:30,483</Time>
          <Text>_________Start Test: Test SDCI_TC_0286 - Legacy Startup Inerleave</Text>
          <State>enSTE_OK</State>
        </Line>
        <Line>
          <Time>17:35:30,483</Time>
          <Text>Set Device Parameter</Text>
          <State>enSTE_OK</State>
        </Line>
        <Line>
          <Time>17:35:30,483</Time>
          <Text>Device Revision: 16</Text>
          <State>enSTE_OK</State>
        </Line>
        <Line>
          <Time>17:35:30,484</Time>
          <Text>192.168.0.6: IO-LINK Device Mode Ind 0: Mode IOL_eDeviceMode_IDLE</Text>
          <State>enSTE_OK</State>
        </Line>
        <Line>
          <Time>17:35:30,484</Time>
          <Text>192.168.0.6: IO-LINK Device Port 0: Set Device Mode IOL_eDeviceMode_IDLE Result: IOL_eErrorInfo_NONE</Text>
          <State>enSTE_OK</State>
        </Line>
        <Line>
          <Time>17:35:30,484</Time>
          <Text>192.168.0.6: IO-LINK Device Port 0: Set Device Mode IOL_eDeviceMode_SIO Result: IOL_eErrorInfo_NONE</Text>
          <State>enSTE_OK</State>
        </Line>
        <Line>
          <Time>17:35:30,484</Time>
          <Text>192.168.0.6: IO-LINK Device Mode Ind 0: Mode IOL_eDeviceMode_SIO</Text>
          <State>enSTE_OK</State>
        </Line>
        <Line>
          <Time>17:35:30,484</Time>
          <Text>192.168.0.6: IO-LINK Device Port 0: Init Result IOL_eErrorInfo_NONE</Text>
          <State>enSTE_OK</State>
        </Line>
        <Line>
          <Time>17:35:30,485</Time>
          <Text>192.168.0.6: IO-LINK Device Mode Ind 0: Mode IOL_eDeviceMode_SIO</Text>
          <State>enSTE_OK</State>
        </Line>
        <Line>
          <Time>17:35:30,485</Time>
          <Text>192.168.0.6: IO-LINK Device Port 0: Set Device Mode IOL_eDeviceMode_SIO Result: IOL_eErrorInfo_NONE</Text>
          <State>enSTE_OK</State>
        </Line>
        <Line>
          <Time>17:35:30,486</Time>
          <Text>192.168.0.6: IO-LINK Device Set Wireshark</Text>
          <State>enSTE_OK</State>
        </Line>
        <Line>
          <Time>17:35:30,487</Time>
          <Text>192.168.0.6: IO-LINK Device Port 0: Set TestCase</Text>
          <State>enSTE_OK</State>
        </Line>
        <Line>
          <Time>17:35:30,487</Time>
          <Text>Start Master</Text>
          <State>enSTE_OK</State>
        </Line>
        <Line>
          <Time>17:35:30,487</Time>
          <Text>Target Mode: IOL_eTargetMode_AUTOCOM</Text>
          <State>enSTE_OK</State>
        </Line>
        <Line>
          <Time>17:35:30,487</Time>
          <Text>Inspection: IOL_eInspectionLevel_NO_CHECK</Text>
          <State>enSTE_OK</State>
        </Line>
        <Line>
          <Time>17:35:30,502</Time>
          <Text>192.168.0.6: IO-LINK Device Mode Ind 0: Mode IOL_eDeviceMode_ESTABCOM</Text>
          <State>enSTE_OK</State>
        </Line>
        <Line>
          <Time>17:35:30,504</Time>
          <Text>192.168.0.6: IO-LINK Device Mode Ind 0: Mode IOL_eDeviceMode_COMx</Text>
          <State>enSTE_OK</State>
        </Line>
        <Line>
          <Time>17:35:30,504</Time>
          <Text>192.168.0.6: IO-LINK Device Mode Ind 0: Mode IOL_eDeviceMode_STARTUP</Text>
          <State>enSTE_OK</State>
        </Line>
        <Line>
          <Time>17:35:30,635</Time>
          <Text>192.168.0.6: IO-LINK Device Mode Ind 0: Mode IOL_eDeviceMode_OPERATE</Text>
          <State>enSTE_OK</State>
        </Line>
        <Line>
          <Time>17:35:30,717</Time>
          <Text>192.168.0.6: IO-LINK Device Port 0: AL Read Index 21 Subindex 0</Text>
          <State>enSTE_OK</State>
        </Line>
        <Line>
          <Time>17:35:30,718</Time>
          <Text>192.168.0.6: IO-LINK Device Port 0: AL Read Res: 0</Text>
          <State>enSTE_OK</State>
        </Line>
        <Line>
          <Time>17:35:31,272</Time>
          <Text>Stop Communication</Text>
          <State>enSTE_OK</State>
        </Line>
        <Line>
          <Time>17:35:31,316</Time>
          <Text>192.168.0.6: IO-LINK Device Mode Ind 0: Mode IOL_eDeviceMode_IDLE</Text>
          <State>enSTE_OK</State>
        </Line>
        <Line>
          <Time>17:35:31,316</Time>
          <Text>192.168.0.6: IO-LINK Device Port 0: Set Device Mode IOL_eDeviceMode_IDLE Result: IOL_eErrorInfo_NONE</Text>
          <State>enSTE_OK</State>
        </Line>
        <Line>
          <Time>17:35:31,316</Time>
          <Text>192.168.0.6: IO-LINK Device Port 0: Set Device Mode IOL_eDeviceMode_SIO Result: IOL_eErrorInfo_NONE</Text>
          <State>enSTE_OK</State>
        </Line>
        <Line>
          <Time>17:35:31,316</Time>
          <Text>192.168.0.6: IO-LINK Device Mode Ind 0: Mode IOL_eDeviceMode_SIO</Text>
          <State>enSTE_OK</State>
        </Line>
        <Line>
          <Time>17:35:31,598</Time>
          <Text>192.168.0.6: IO-LINK Device Mode Ind 0: Mode IOL_eDeviceMode_IDLE</Text>
          <State>enSTE_OK</State>
        </Line>
        <Line>
          <Time>17:35:31,599</Time>
          <Text>192.168.0.6: IO-LINK Device Port 0: Set Device Mode IOL_eDeviceMode_SIO Result: IOL_eErrorInfo_NONE</Text>
          <State>enSTE_OK</State>
        </Line>
        <Line>
          <Time>17:35:31,599</Time>
          <Text>192.168.0.6: IO-LINK Device Mode Ind 0: Mode IOL_eDeviceMode_SIO</Text>
          <State>enSTE_OK</State>
        </Line>
        <Line>
          <Time>17:35:31,917</Time>
          <Text>192.168.0.6: IO-LINK Device Set Wireshark</Text>
          <State>enSTE_OK</State>
        </Line>
        <Line>
          <Time>17:35:31,918</Time>
          <Text>Start Line Analyzer</Text>
          <State>enSTE_OK</State>
        </Line>
        <Line>
          <Time>17:35:31,918</Time>
          <Text>Found Pattern: Sequence Change Type_0</Text>
          <State>enSTE_OK</State>
        </Line>
        <Line>
          <Time>17:35:31,918</Time>
          <Text>Found No Pattern: Page Write IOL_eDirectParam_MasterCommand Value: IOL_eMasterCommand_MasterIdent</Text>
          <State>enSTE_OK</State>
        </Line>
        <Line>
          <Time>17:35:31,918</Time>
          <Text>Found Pattern: Page Read IOL_eDirectParam_VendorID1 Value: 2</Text>
          <State>enSTE_OK</State>
        </Line>
        <Line>
          <Time>17:35:31,918</Time>
          <Text>Found Pattern: Page Read IOL_eDirectParam_VendorID2 Value: 164</Text>
          <State>enSTE_OK</State>
        </Line>
        <Line>
          <Time>17:35:31,918</Time>
          <Text>Found Pattern: Page Read IOL_eDirectParam_DeviceID1 Value: 0</Text>
          <State>enSTE_OK</State>
        </Line>
        <Line>
          <Time>17:35:31,918</Time>
          <Text>Found Pattern: Page Read IOL_eDirectParam_DeviceID2 Value: 43</Text>
          <State>enSTE_OK</State>
        </Line>
        <Line>
          <Time>17:35:31,919</Time>
          <Text>Found Pattern: Page Read IOL_eDirectParam_DeviceID3 Value: 210</Text>
          <State>enSTE_OK</State>
        </Line>
        <Line>
          <Time>17:35:31,919</Time>
          <Text>Found Pattern: Page Write IOL_eDirectParam_MasterCycleTime Value: 72</Text>
          <State>enSTE_OK</State>
        </Line>
        <Line>
          <Time>17:35:31,919</Time>
          <Text>Found Pattern: Info ChangeToOperate</Text>
          <State>enSTE_OK</State>
        </Line>
        <Line>
          <Time>17:35:31,919</Time>
          <Text>Found Pattern: Sequence Change Type_1_2</Text>
          <State>enSTE_OK</State>
        </Line>
        <Line>
          <Time>17:35:31,919</Time>
          <Text>Found Pattern: ISDU Read Req 21/0</Text>
          <State>enSTE_OK</State>
        </Line>
        <Line>
          <Time>17:35:31,919</Time>
          <Text>Found Pattern: ISDU Read Rsp IOL_eErrorType_NONE Length: 15</Text>
          <State>enSTE_OK</State>
        </Line>
        <Line>
          <Time>17:35:31,920</Time>
          <Text>Found Pattern: Page Write IOL_eDirectParam_MasterCycleTime Value: 72</Text>
          <State>enSTE_OK</State>
        </Line>
        <Line>
          <Time>17:35:31,920</Time>
          <Text>Found Pattern: Info ChangeToOperate</Text>
          <State>enSTE_OK</State>
        </Line>
        <Line>
          <Time>17:35:31,920</Time>
          <Text>Test finished without Errors -&gt; passed</Text>
          <State>enSTE_OK</State>
        </Line>
        <Line>
          <Time>17:35:31,920</Time>
          <Text>192.168.0.6: IO-LINK Device Set Abort Listener</Text>
          <State>enSTE_OK</State>
        </Line>
        <Line>
          <Time>17:35:31,920</Time>
          <Text>192.168.0.6: IO-LINK Device Set Read Listener</Text>
          <State>enSTE_OK</State>
        </Line>
        <Line>
          <Time>17:35:31,921</Time>
          <Text>192.168.0.6: IO-LINK Device Set Write Listener</Text>
          <State>enSTE_OK</State>
        </Line>
        <Line>
          <Time>17:35:31,921</Time>
          <Text>192.168.0.6: IO-LINK Device Set Mode Listener</Text>
          <State>enSTE_OK</State>
        </Line>
        <Line>
          <Time>17:35:31,922</Time>
          <Text>192.168.0.6: IO-LINK Device Port 0: Set TestCase</Text>
          <State>enSTE_OK</State>
        </Line>
        <Line>
          <Time>17:35:31,939</Time>
          <Text>Finished Test: Test SDCI_TC_0286 - Legacy Startup Inerleave</Text>
          <State>enSTE_OK</State>
        </Line>
      </Lines>
    </Test>
    <Test Number="SDCI_TC_0287">
      <Name>Legacy Event without Details</Name>
      <Description>Master receives an Event without details</Description>
      <Finished>True</Finished>
      <Lines>
        <Line>
          <Time>17:35:31,939</Time>
          <Text>_________Start Test: Test SDCI_TC_0287 - Legacy Event without Details</Text>
          <State>enSTE_OK</State>
        </Line>
        <Line>
          <Time>17:35:31,939</Time>
          <Text>Set Device Parameter</Text>
          <State>enSTE_OK</State>
        </Line>
        <Line>
          <Time>17:35:31,939</Time>
          <Text>Device Revision: 16</Text>
          <State>enSTE_OK</State>
        </Line>
        <Line>
          <Time>17:35:31,940</Time>
          <Text>192.168.0.6: IO-LINK Device Port 0: Set Device Mode IOL_eDeviceMode_IDLE Result: IOL_eErrorInfo_NONE</Text>
          <State>enSTE_OK</State>
        </Line>
        <Line>
          <Time>17:35:31,940</Time>
          <Text>192.168.0.6: IO-LINK Device Mode Ind 0: Mode IOL_eDeviceMode_IDLE</Text>
          <State>enSTE_OK</State>
        </Line>
        <Line>
          <Time>17:35:31,940</Time>
          <Text>192.168.0.6: IO-LINK Device Port 0: Init Result IOL_eErrorInfo_NONE</Text>
          <State>enSTE_OK</State>
        </Line>
        <Line>
          <Time>17:35:31,940</Time>
          <Text>192.168.0.6: IO-LINK Device Port 0: Set Device Mode IOL_eDeviceMode_SIO Result: IOL_eErrorInfo_NONE</Text>
          <State>enSTE_OK</State>
        </Line>
        <Line>
          <Time>17:35:31,940</Time>
          <Text>192.168.0.6: IO-LINK Device Mode Ind 0: Mode IOL_eDeviceMode_SIO</Text>
          <State>enSTE_OK</State>
        </Line>
        <Line>
          <Time>17:35:31,941</Time>
          <Text>192.168.0.6: IO-LINK Device Port 0: Set Device Mode IOL_eDeviceMode_SIO Result: IOL_eErrorInfo_NONE</Text>
          <State>enSTE_OK</State>
        </Line>
        <Line>
          <Time>17:35:31,942</Time>
          <Text>192.168.0.6: IO-LINK Device Set Wireshark</Text>
          <State>enSTE_OK</State>
        </Line>
        <Line>
          <Time>17:35:31,943</Time>
          <Text>192.168.0.6: IO-LINK Device Port 0: Set TestCase</Text>
          <State>enSTE_OK</State>
        </Line>
        <Line>
          <Time>17:35:31,943</Time>
          <Text>Start Master</Text>
          <State>enSTE_OK</State>
        </Line>
        <Line>
          <Time>17:35:31,944</Time>
          <Text>Target Mode: IOL_eTargetMode_AUTOCOM</Text>
          <State>enSTE_OK</State>
        </Line>
        <Line>
          <Time>17:35:31,944</Time>
          <Text>Inspection: IOL_eInspectionLevel_NO_CHECK</Text>
          <State>enSTE_OK</State>
        </Line>
        <Line>
          <Time>17:35:31,958</Time>
          <Text>192.168.0.6: IO-LINK Device Mode Ind 0: Mode IOL_eDeviceMode_ESTABCOM</Text>
          <State>enSTE_OK</State>
        </Line>
        <Line>
          <Time>17:35:31,960</Time>
          <Text>192.168.0.6: IO-LINK Device Mode Ind 0: Mode IOL_eDeviceMode_COMx</Text>
          <State>enSTE_OK</State>
        </Line>
        <Line>
          <Time>17:35:31,960</Time>
          <Text>192.168.0.6: IO-LINK Device Mode Ind 0: Mode IOL_eDeviceMode_STARTUP</Text>
          <State>enSTE_OK</State>
        </Line>
        <Line>
          <Time>17:35:32,002</Time>
          <Text>192.168.0.6: IO-LINK Device Mode Ind 0: Mode IOL_eDeviceMode_OPERATE</Text>
          <State>enSTE_OK</State>
        </Line>
        <Line>
          <Time>17:35:32,016</Time>
          <Text>192.168.0.6: IO-LINK Device Port 0: AL Read Index 21 Subindex 0</Text>
          <State>enSTE_OK</State>
        </Line>
        <Line>
          <Time>17:35:32,016</Time>
          <Text>192.168.0.6: IO-LINK Device Port 0: AL Read Res: 0</Text>
          <State>enSTE_OK</State>
        </Line>
        <Line>
          <Time>17:35:32,251</Time>
          <Text>192.168.0.6: IO-LINK Device Port 0: Set Input Res Valid: True</Text>
          <State>enSTE_OK</State>
        </Line>
        <Line>
          <Time>17:35:32,251</Time>
          <Text>Set Input Data 1 Bytes. Valid: True</Text>
          <State>enSTE_OK</State>
        </Line>
        <Line>
          <Time>17:35:32,361</Time>
          <Text>Sleep: 100</Text>
          <State>enSTE_OK</State>
        </Line>
        <Line>
          <Time>17:35:32,361</Time>
          <Text>192.168.0.6: IO-LINK Device Port 0: Send Event Type1 Res: IOL_eErrorInfo_NONE</Text>
          <State>enSTE_OK</State>
        </Line>
        <Line>
          <Time>17:35:32,361</Time>
          <Text>Sent type 1 Event: 2</Text>
          <State>enSTE_OK</State>
        </Line>
        <Line>
          <Time>17:35:32,471</Time>
          <Text>Sleep: 100</Text>
          <State>enSTE_OK</State>
        </Line>
        <Line>
          <Time>17:35:32,631</Time>
          <Text>Event Validation Correct. Count: 1</Text>
          <State>enSTE_OK</State>
        </Line>
        <Line>
          <Time>17:35:32,838</Time>
          <Text>Stop Communication</Text>
          <State>enSTE_OK</State>
        </Line>
        <Line>
          <Time>17:35:32,883</Time>
          <Text>192.168.0.6: IO-LINK Device Mode Ind 0: Mode IOL_eDeviceMode_IDLE</Text>
          <State>enSTE_OK</State>
        </Line>
        <Line>
          <Time>17:35:32,883</Time>
          <Text>192.168.0.6: IO-LINK Device Port 0: Set Device Mode IOL_eDeviceMode_IDLE Result: IOL_eErrorInfo_NONE</Text>
          <State>enSTE_OK</State>
        </Line>
        <Line>
          <Time>17:35:32,884</Time>
          <Text>192.168.0.6: IO-LINK Device Port 0: Set Device Mode IOL_eDeviceMode_SIO Result: IOL_eErrorInfo_NONE</Text>
          <State>enSTE_OK</State>
        </Line>
        <Line>
          <Time>17:35:32,884</Time>
          <Text>192.168.0.6: IO-LINK Device Mode Ind 0: Mode IOL_eDeviceMode_SIO</Text>
          <State>enSTE_OK</State>
        </Line>
        <Line>
          <Time>17:35:33,157</Time>
          <Text>192.168.0.6: IO-LINK Device Mode Ind 0: Mode IOL_eDeviceMode_IDLE</Text>
          <State>enSTE_OK</State>
        </Line>
        <Line>
          <Time>17:35:33,158</Time>
          <Text>192.168.0.6: IO-LINK Device Port 0: Set Device Mode IOL_eDeviceMode_SIO Result: IOL_eErrorInfo_NONE</Text>
          <State>enSTE_OK</State>
        </Line>
        <Line>
          <Time>17:35:33,158</Time>
          <Text>192.168.0.6: IO-LINK Device Mode Ind 0: Mode IOL_eDeviceMode_SIO</Text>
          <State>enSTE_OK</State>
        </Line>
        <Line>
          <Time>17:35:33,497</Time>
          <Text>192.168.0.6: IO-LINK Device Set Wireshark</Text>
          <State>enSTE_OK</State>
        </Line>
        <Line>
          <Time>17:35:33,499</Time>
          <Text>Start Line Analyzer</Text>
          <State>enSTE_OK</State>
        </Line>
        <Line>
          <Time>17:35:33,499</Time>
          <Text>Found Pattern: Info ChangeToOperate</Text>
          <State>enSTE_OK</State>
        </Line>
        <Line>
          <Time>17:35:33,499</Time>
          <Text>Found Pattern: Info EventFlagEnabled</Text>
          <State>enSTE_OK</State>
        </Line>
        <Line>
          <Time>17:35:33,499</Time>
          <Text>Found Pattern: Event Read 0 Value: 2</Text>
          <State>enSTE_OK</State>
        </Line>
        <Line>
          <Time>17:35:33,499</Time>
          <Text>Found Pattern: Event Write 0 Value: 0 after 6,9962 ms</Text>
          <State>enSTE_OK</State>
        </Line>
        <Line>
          <Time>17:35:33,499</Time>
          <Text>Found Pattern: Info EventFlagCleared</Text>
          <State>enSTE_OK</State>
        </Line>
        <Line>
          <Time>17:35:33,499</Time>
          <Text>Test finished without Errors -&gt; passed</Text>
          <State>enSTE_OK</State>
        </Line>
        <Line>
          <Time>17:35:33,500</Time>
          <Text>192.168.0.6: IO-LINK Device Set Abort Listener</Text>
          <State>enSTE_OK</State>
        </Line>
        <Line>
          <Time>17:35:33,500</Time>
          <Text>192.168.0.6: IO-LINK Device Set Read Listener</Text>
          <State>enSTE_OK</State>
        </Line>
        <Line>
          <Time>17:35:33,501</Time>
          <Text>192.168.0.6: IO-LINK Device Set Write Listener</Text>
          <State>enSTE_OK</State>
        </Line>
        <Line>
          <Time>17:35:33,501</Time>
          <Text>192.168.0.6: IO-LINK Device Set Mode Listener</Text>
          <State>enSTE_OK</State>
        </Line>
        <Line>
          <Time>17:35:33,502</Time>
          <Text>192.168.0.6: IO-LINK Device Port 0: Set TestCase</Text>
          <State>enSTE_OK</State>
        </Line>
        <Line>
          <Time>17:35:33,506</Time>
          <Text>Finished Test: Test SDCI_TC_0287 - Legacy Event without Details</Text>
          <State>enSTE_OK</State>
        </Line>
      </Lines>
    </Test>
    <Test Number="SDCI_TC_0288">
      <Name>Legacy Idle between two ISDU</Name>
      <Description>Master sends ISDU service "Idle" after an accomplished ISDU service</Description>
      <Finished>True</Finished>
      <Lines>
        <Line>
          <Time>17:35:33,506</Time>
          <Text>_________Start Test: Test SDCI_TC_0288 - Legacy Idle between two ISDU</Text>
          <State>enSTE_OK</State>
        </Line>
        <Line>
          <Time>17:35:33,506</Time>
          <Text>Set Device Parameter</Text>
          <State>enSTE_OK</State>
        </Line>
        <Line>
          <Time>17:35:33,506</Time>
          <Text>Device Revision: 16</Text>
          <State>enSTE_OK</State>
        </Line>
        <Line>
          <Time>17:35:33,507</Time>
          <Text>192.168.0.6: IO-LINK Device Mode Ind 0: Mode IOL_eDeviceMode_IDLE</Text>
          <State>enSTE_OK</State>
        </Line>
        <Line>
          <Time>17:35:33,507</Time>
          <Text>192.168.0.6: IO-LINK Device Port 0: Set Device Mode IOL_eDeviceMode_IDLE Result: IOL_eErrorInfo_NONE</Text>
          <State>enSTE_OK</State>
        </Line>
        <Line>
          <Time>17:35:33,508</Time>
          <Text>192.168.0.6: IO-LINK Device Port 0: Set Device Mode IOL_eDeviceMode_SIO Result: IOL_eErrorInfo_NONE</Text>
          <State>enSTE_OK</State>
        </Line>
        <Line>
          <Time>17:35:33,508</Time>
          <Text>192.168.0.6: IO-LINK Device Mode Ind 0: Mode IOL_eDeviceMode_SIO</Text>
          <State>enSTE_OK</State>
        </Line>
        <Line>
          <Time>17:35:33,508</Time>
          <Text>192.168.0.6: IO-LINK Device Port 0: Init Result IOL_eErrorInfo_NONE</Text>
          <State>enSTE_OK</State>
        </Line>
        <Line>
          <Time>17:35:33,508</Time>
          <Text>192.168.0.6: IO-LINK Device Mode Ind 0: Mode IOL_eDeviceMode_SIO</Text>
          <State>enSTE_OK</State>
        </Line>
        <Line>
          <Time>17:35:33,508</Time>
          <Text>192.168.0.6: IO-LINK Device Port 0: Set Device Mode IOL_eDeviceMode_SIO Result: IOL_eErrorInfo_NONE</Text>
          <State>enSTE_OK</State>
        </Line>
        <Line>
          <Time>17:35:33,509</Time>
          <Text>192.168.0.6: IO-LINK Device Set Wireshark</Text>
          <State>enSTE_OK</State>
        </Line>
        <Line>
          <Time>17:35:33,510</Time>
          <Text>192.168.0.6: IO-LINK Device Port 0: Set TestCase</Text>
          <State>enSTE_OK</State>
        </Line>
        <Line>
          <Time>17:35:33,510</Time>
          <Text>Start Master</Text>
          <State>enSTE_OK</State>
        </Line>
        <Line>
          <Time>17:35:33,510</Time>
          <Text>Target Mode: IOL_eTargetMode_AUTOCOM</Text>
          <State>enSTE_OK</State>
        </Line>
        <Line>
          <Time>17:35:33,510</Time>
          <Text>Inspection: IOL_eInspectionLevel_NO_CHECK</Text>
          <State>enSTE_OK</State>
        </Line>
        <Line>
          <Time>17:35:33,525</Time>
          <Text>192.168.0.6: IO-LINK Device Mode Ind 0: Mode IOL_eDeviceMode_ESTABCOM</Text>
          <State>enSTE_OK</State>
        </Line>
        <Line>
          <Time>17:35:33,527</Time>
          <Text>192.168.0.6: IO-LINK Device Mode Ind 0: Mode IOL_eDeviceMode_COMx</Text>
          <State>enSTE_OK</State>
        </Line>
        <Line>
          <Time>17:35:33,527</Time>
          <Text>192.168.0.6: IO-LINK Device Mode Ind 0: Mode IOL_eDeviceMode_STARTUP</Text>
          <State>enSTE_OK</State>
        </Line>
        <Line>
          <Time>17:35:34,874</Time>
          <Text>192.168.0.6: IO-LINK Device Mode Ind 0: Mode IOL_eDeviceMode_OPERATE</Text>
          <State>enSTE_OK</State>
        </Line>
        <Line>
          <Time>17:35:35,289</Time>
          <Text>192.168.0.6: IO-LINK Device Port 0: AL Read Index 21 Subindex 0</Text>
          <State>enSTE_OK</State>
        </Line>
        <Line>
          <Time>17:35:35,290</Time>
          <Text>192.168.0.6: IO-LINK Device Port 0: AL Read Res: 0</Text>
          <State>enSTE_OK</State>
        </Line>
        <Line>
          <Time>17:35:38,289</Time>
          <Text>192.168.0.6: IO-LINK Device Port 0: AL Read Index 16 Subindex 0</Text>
          <State>enSTE_OK</State>
        </Line>
        <Line>
          <Time>17:35:38,289</Time>
          <Text>192.168.0.6: IO-LINK Device Port 0: AL Read Res: 0</Text>
          <State>enSTE_OK</State>
        </Line>
        <Line>
          <Time>17:35:39,122</Time>
          <Text>Read got expected response: IOL_eErrorType_NONE</Text>
          <State>enSTE_OK</State>
        </Line>
        <Line>
          <Time>17:35:39,122</Time>
          <Text>Read Value: Kunbus</Text>
          <State>enSTE_OK</State>
        </Line>
        <Line>
          <Time>17:35:39,122</Time>
          <Text>Read Value: Empty</Text>
          <State>enSTE_OK</State>
        </Line>
        <Line>
          <Time>17:35:39,530</Time>
          <Text>192.168.0.6: IO-LINK Device Port 0: AL Read Index 16 Subindex 0</Text>
          <State>enSTE_OK</State>
        </Line>
        <Line>
          <Time>17:35:39,531</Time>
          <Text>192.168.0.6: IO-LINK Device Port 0: AL Read Res: 0</Text>
          <State>enSTE_OK</State>
        </Line>
        <Line>
          <Time>17:35:40,370</Time>
          <Text>Read got expected response: IOL_eErrorType_NONE</Text>
          <State>enSTE_OK</State>
        </Line>
        <Line>
          <Time>17:35:40,370</Time>
          <Text>Read Value: Kunbus</Text>
          <State>enSTE_OK</State>
        </Line>
        <Line>
          <Time>17:35:40,371</Time>
          <Text>Read Value: Empty</Text>
          <State>enSTE_OK</State>
        </Line>
        <Line>
          <Time>17:35:40,587</Time>
          <Text>Stop Communication</Text>
          <State>enSTE_OK</State>
        </Line>
        <Line>
          <Time>17:35:40,867</Time>
          <Text>192.168.0.6: IO-LINK Device Port 0: Set Device Mode IOL_eDeviceMode_IDLE Result: IOL_eErrorInfo_NONE</Text>
          <State>enSTE_OK</State>
        </Line>
        <Line>
          <Time>17:35:40,867</Time>
          <Text>192.168.0.6: IO-LINK Device Mode Ind 0: Mode IOL_eDeviceMode_IDLE</Text>
          <State>enSTE_OK</State>
        </Line>
        <Line>
          <Time>17:35:40,868</Time>
          <Text>192.168.0.6: IO-LINK Device Port 0: Set Device Mode IOL_eDeviceMode_SIO Result: IOL_eErrorInfo_NONE</Text>
          <State>enSTE_OK</State>
        </Line>
        <Line>
          <Time>17:35:40,868</Time>
          <Text>192.168.0.6: IO-LINK Device Mode Ind 0: Mode IOL_eDeviceMode_SIO</Text>
          <State>enSTE_OK</State>
        </Line>
        <Line>
          <Time>17:35:41,072</Time>
          <Text>192.168.0.6: IO-LINK Device Mode Ind 0: Mode IOL_eDeviceMode_IDLE</Text>
          <State>enSTE_OK</State>
        </Line>
        <Line>
          <Time>17:35:41,072</Time>
          <Text>192.168.0.6: IO-LINK Device Port 0: Set Device Mode IOL_eDeviceMode_SIO Result: IOL_eErrorInfo_NONE</Text>
          <State>enSTE_OK</State>
        </Line>
        <Line>
          <Time>17:35:41,072</Time>
          <Text>192.168.0.6: IO-LINK Device Mode Ind 0: Mode IOL_eDeviceMode_SIO</Text>
          <State>enSTE_OK</State>
        </Line>
        <Line>
          <Time>17:35:41,475</Time>
          <Text>192.168.0.6: IO-LINK Device Set Wireshark</Text>
          <State>enSTE_OK</State>
        </Line>
        <Line>
          <Time>17:35:41,477</Time>
          <Text>Start Line Analyzer</Text>
          <State>enSTE_OK</State>
        </Line>
        <Line>
          <Time>17:35:41,477</Time>
          <Text>Found Pattern: Info ChangeToOperate</Text>
          <State>enSTE_OK</State>
        </Line>
        <Line>
          <Time>17:35:41,477</Time>
          <Text>Found Pattern: ISDU Read Req 16/0</Text>
          <State>enSTE_OK</State>
        </Line>
        <Line>
          <Time>17:35:41,477</Time>
          <Text>Found Pattern: Info ISDUIdle</Text>
          <State>enSTE_OK</State>
        </Line>
        <Line>
          <Time>17:35:41,477</Time>
          <Text>Found Pattern: ISDU Read Req 16/0</Text>
          <State>enSTE_OK</State>
        </Line>
        <Line>
          <Time>17:35:41,477</Time>
          <Text>Test finished without Errors -&gt; passed</Text>
          <State>enSTE_OK</State>
        </Line>
        <Line>
          <Time>17:35:41,478</Time>
          <Text>192.168.0.6: IO-LINK Device Set Abort Listener</Text>
          <State>enSTE_OK</State>
        </Line>
        <Line>
          <Time>17:35:41,478</Time>
          <Text>192.168.0.6: IO-LINK Device Set Read Listener</Text>
          <State>enSTE_OK</State>
        </Line>
        <Line>
          <Time>17:35:41,479</Time>
          <Text>192.168.0.6: IO-LINK Device Set Write Listener</Text>
          <State>enSTE_OK</State>
        </Line>
        <Line>
          <Time>17:35:41,479</Time>
          <Text>192.168.0.6: IO-LINK Device Set Mode Listener</Text>
          <State>enSTE_OK</State>
        </Line>
        <Line>
          <Time>17:35:41,479</Time>
          <Text>192.168.0.6: IO-LINK Device Port 0: Set TestCase</Text>
          <State>enSTE_OK</State>
        </Line>
        <Line>
          <Time>17:35:41,490</Time>
          <Text>Finished Test: Test SDCI_TC_0288 - Legacy Idle between two ISDU</Text>
          <State>enSTE_OK</State>
        </Line>
      </Lines>
    </Test>
    <Test Number="SDCI_TC_0289">
      <Name>Legacy Write Event Interrupt</Name>
      <Description>ISDU Write interrupted by an Event leads to write error</Description>
      <Finished>True</Finished>
      <Lines>
        <Line>
          <Time>17:35:41,491</Time>
          <Text>_________Start Test: Test SDCI_TC_0289 - Legacy Write Event Interrupt</Text>
          <State>enSTE_OK</State>
        </Line>
        <Line>
          <Time>17:35:41,492</Time>
          <Text>Set Device Parameter</Text>
          <State>enSTE_OK</State>
        </Line>
        <Line>
          <Time>17:35:41,492</Time>
          <Text>Device Revision: 16</Text>
          <State>enSTE_OK</State>
        </Line>
        <Line>
          <Time>17:35:41,492</Time>
          <Text>192.168.0.6: IO-LINK Device Port 0: Set Device Mode IOL_eDeviceMode_IDLE Result: IOL_eErrorInfo_NONE</Text>
          <State>enSTE_OK</State>
        </Line>
        <Line>
          <Time>17:35:41,492</Time>
          <Text>192.168.0.6: IO-LINK Device Mode Ind 0: Mode IOL_eDeviceMode_IDLE</Text>
          <State>enSTE_OK</State>
        </Line>
        <Line>
          <Time>17:35:41,493</Time>
          <Text>192.168.0.6: IO-LINK Device Port 0: Init Result IOL_eErrorInfo_NONE</Text>
          <State>enSTE_OK</State>
        </Line>
        <Line>
          <Time>17:35:41,493</Time>
          <Text>192.168.0.6: IO-LINK Device Port 0: Set Device Mode IOL_eDeviceMode_SIO Result: IOL_eErrorInfo_NONE</Text>
          <State>enSTE_OK</State>
        </Line>
        <Line>
          <Time>17:35:41,493</Time>
          <Text>192.168.0.6: IO-LINK Device Mode Ind 0: Mode IOL_eDeviceMode_SIO</Text>
          <State>enSTE_OK</State>
        </Line>
        <Line>
          <Time>17:35:41,493</Time>
          <Text>192.168.0.6: IO-LINK Device Port 0: Set Device Mode IOL_eDeviceMode_SIO Result: IOL_eErrorInfo_NONE</Text>
          <State>enSTE_OK</State>
        </Line>
        <Line>
          <Time>17:35:41,494</Time>
          <Text>192.168.0.6: IO-LINK Device Set Wireshark</Text>
          <State>enSTE_OK</State>
        </Line>
        <Line>
          <Time>17:35:41,495</Time>
          <Text>192.168.0.6: IO-LINK Device Port 0: Set TestCase</Text>
          <State>enSTE_OK</State>
        </Line>
        <Line>
          <Time>17:35:41,495</Time>
          <Text>Start Master</Text>
          <State>enSTE_OK</State>
        </Line>
        <Line>
          <Time>17:35:41,495</Time>
          <Text>Target Mode: IOL_eTargetMode_AUTOCOM</Text>
          <State>enSTE_OK</State>
        </Line>
        <Line>
          <Time>17:35:41,495</Time>
          <Text>Inspection: IOL_eInspectionLevel_NO_CHECK</Text>
          <State>enSTE_OK</State>
        </Line>
        <Line>
          <Time>17:35:41,509</Time>
          <Text>192.168.0.6: IO-LINK Device Mode Ind 0: Mode IOL_eDeviceMode_ESTABCOM</Text>
          <State>enSTE_OK</State>
        </Line>
        <Line>
          <Time>17:35:41,511</Time>
          <Text>192.168.0.6: IO-LINK Device Mode Ind 0: Mode IOL_eDeviceMode_COMx</Text>
          <State>enSTE_OK</State>
        </Line>
        <Line>
          <Time>17:35:41,511</Time>
          <Text>192.168.0.6: IO-LINK Device Mode Ind 0: Mode IOL_eDeviceMode_STARTUP</Text>
          <State>enSTE_OK</State>
        </Line>
        <Line>
          <Time>17:35:41,643</Time>
          <Text>192.168.0.6: IO-LINK Device Mode Ind 0: Mode IOL_eDeviceMode_OPERATE</Text>
          <State>enSTE_OK</State>
        </Line>
        <Line>
          <Time>17:35:41,685</Time>
          <Text>192.168.0.6: IO-LINK Device Port 0: AL Read Index 21 Subindex 0</Text>
          <State>enSTE_OK</State>
        </Line>
        <Line>
          <Time>17:35:41,685</Time>
          <Text>192.168.0.6: IO-LINK Device Port 0: AL Read Res: 0</Text>
          <State>enSTE_OK</State>
        </Line>
        <Line>
          <Time>17:35:42,090</Time>
          <Text>Start Delay Timer for execution</Text>
          <State>enSTE_OK</State>
        </Line>
        <Line>
          <Time>17:35:42,294</Time>
          <Text>Run Delayed execution</Text>
          <State>enSTE_OK</State>
        </Line>
        <Line>
          <Time>17:35:42,295</Time>
          <Text>192.168.0.6: IO-LINK Device Port 0: Send Events Res: IOL_eErrorInfo_NONE</Text>
          <State>enSTE_OK</State>
        </Line>
        <Line>
          <Time>17:35:42,370</Time>
          <Text>Write Value: 00 00 00 00 00 00 00 00 00 00 00 00 00 00 00 00 00 00 00 00 00 00 00 00 00 00 00 00 00 00 00 00 00 00 00 00 00 00 00 00 00 00 00 00 00 00 00 00 00 00 00 00 00 00 00 00 00 00 00 00 00 00 00 00 00 00 00 00 00 00 00 00 00 00 00 00 00 00 00 00 00 00 00 00 00 00 00 00 00 00 00 00 00 00 00 00 00 00 00 00 00 00 00 00 00 00 00 00 00 00 00 00 00 00 00 00 00 00 00 00 00 00 00 00 00 00 00 00 00 00 00 00 00 00 00 00 00 00 00 00 </Text>
          <State>enSTE_OK</State>
        </Line>
        <Line>
          <Time>17:35:42,579</Time>
          <Text>Stop Communication</Text>
          <State>enSTE_OK</State>
        </Line>
        <Line>
          <Time>17:35:42,755</Time>
          <Text>192.168.0.6: IO-LINK Device Mode Ind 0: Mode IOL_eDeviceMode_IDLE</Text>
          <State>enSTE_OK</State>
        </Line>
        <Line>
          <Time>17:35:42,756</Time>
          <Text>192.168.0.6: IO-LINK Device Port 0: Set Device Mode IOL_eDeviceMode_SIO Result: IOL_eErrorInfo_NONE</Text>
          <State>enSTE_OK</State>
        </Line>
        <Line>
          <Time>17:35:42,755</Time>
          <Text>192.168.0.6: IO-LINK Device Port 0: Set Device Mode IOL_eDeviceMode_IDLE Result: IOL_eErrorInfo_NONE</Text>
          <State>enSTE_OK</State>
        </Line>
        <Line>
          <Time>17:35:42,756</Time>
          <Text>192.168.0.6: IO-LINK Device Mode Ind 0: Mode IOL_eDeviceMode_SIO</Text>
          <State>enSTE_OK</State>
        </Line>
        <Line>
          <Time>17:35:42,916</Time>
          <Text>192.168.0.6: IO-LINK Device Mode Ind 0: Mode IOL_eDeviceMode_IDLE</Text>
          <State>enSTE_OK</State>
        </Line>
        <Line>
          <Time>17:35:42,916</Time>
          <Text>192.168.0.6: IO-LINK Device Port 0: Set Device Mode IOL_eDeviceMode_SIO Result: IOL_eErrorInfo_NONE</Text>
          <State>enSTE_OK</State>
        </Line>
        <Line>
          <Time>17:35:42,916</Time>
          <Text>192.168.0.6: IO-LINK Device Mode Ind 0: Mode IOL_eDeviceMode_SIO</Text>
          <State>enSTE_OK</State>
        </Line>
        <Line>
          <Time>17:35:43,363</Time>
          <Text>192.168.0.6: IO-LINK Device Set Wireshark</Text>
          <State>enSTE_OK</State>
        </Line>
        <Line>
          <Time>17:35:43,365</Time>
          <Text>Start Line Analyzer</Text>
          <State>enSTE_OK</State>
        </Line>
        <Line>
          <Time>17:35:43,365</Time>
          <Text>Found Pattern: Info ChangeToOperate</Text>
          <State>enSTE_OK</State>
        </Line>
        <Line>
          <Time>17:35:43,365</Time>
          <Text>Found Pattern: Event Write 0 Value: 0 after 20,9994 ms</Text>
          <State>enSTE_OK</State>
        </Line>
        <Line>
          <Time>17:35:43,365</Time>
          <Text>Found No Pattern: ISDU Write Req 16/0 Length: 0</Text>
          <State>enSTE_OK</State>
        </Line>
        <Line>
          <Time>17:35:43,365</Time>
          <Text>Found Pattern: ISDU Abort Req</Text>
          <State>enSTE_OK</State>
        </Line>
        <Line>
          <Time>17:35:43,365</Time>
          <Text>Test finished without Errors -&gt; passed</Text>
          <State>enSTE_OK</State>
        </Line>
        <Line>
          <Time>17:35:43,365</Time>
          <Text>192.168.0.6: IO-LINK Device Set Abort Listener</Text>
          <State>enSTE_OK</State>
        </Line>
        <Line>
          <Time>17:35:43,366</Time>
          <Text>192.168.0.6: IO-LINK Device Set Read Listener</Text>
          <State>enSTE_OK</State>
        </Line>
        <Line>
          <Time>17:35:43,366</Time>
          <Text>192.168.0.6: IO-LINK Device Set Write Listener</Text>
          <State>enSTE_OK</State>
        </Line>
        <Line>
          <Time>17:35:43,367</Time>
          <Text>192.168.0.6: IO-LINK Device Set Mode Listener</Text>
          <State>enSTE_OK</State>
        </Line>
        <Line>
          <Time>17:35:43,367</Time>
          <Text>192.168.0.6: IO-LINK Device Port 0: Set TestCase</Text>
          <State>enSTE_OK</State>
        </Line>
        <Line>
          <Time>17:35:43,378</Time>
          <Text>Finished Test: Test SDCI_TC_0289 - Legacy Write Event Interrupt</Text>
          <State>enSTE_OK</State>
        </Line>
      </Lines>
    </Test>
    <Test Number="SDCI_TC_0290">
      <Name>Legacy input invalid event</Name>
      <Description>Master transforms PD_invalid Event into appropriate propagation</Description>
      <Finished>True</Finished>
      <Lines>
        <Line>
          <Time>17:35:43,378</Time>
          <Text>_________Start Test: Test SDCI_TC_0290 - Legacy input invalid event</Text>
          <State>enSTE_OK</State>
        </Line>
        <Line>
          <Time>17:35:43,379</Time>
          <Text>Set Device Parameter</Text>
          <State>enSTE_OK</State>
        </Line>
        <Line>
          <Time>17:35:43,379</Time>
          <Text>Device Revision: 16</Text>
          <State>enSTE_OK</State>
        </Line>
        <Line>
          <Time>17:35:43,380</Time>
          <Text>192.168.0.6: IO-LINK Device Port 0: Set Device Mode IOL_eDeviceMode_IDLE Result: IOL_eErrorInfo_NONE</Text>
          <State>enSTE_OK</State>
        </Line>
        <Line>
          <Time>17:35:43,380</Time>
          <Text>192.168.0.6: IO-LINK Device Mode Ind 0: Mode IOL_eDeviceMode_IDLE</Text>
          <State>enSTE_OK</State>
        </Line>
        <Line>
          <Time>17:35:43,380</Time>
          <Text>192.168.0.6: IO-LINK Device Port 0: Init Result IOL_eErrorInfo_NONE</Text>
          <State>enSTE_OK</State>
        </Line>
        <Line>
          <Time>17:35:43,380</Time>
          <Text>192.168.0.6: IO-LINK Device Port 0: Set Device Mode IOL_eDeviceMode_SIO Result: IOL_eErrorInfo_NONE</Text>
          <State>enSTE_OK</State>
        </Line>
        <Line>
          <Time>17:35:43,381</Time>
          <Text>192.168.0.6: IO-LINK Device Mode Ind 0: Mode IOL_eDeviceMode_SIO</Text>
          <State>enSTE_OK</State>
        </Line>
        <Line>
          <Time>17:35:43,381</Time>
          <Text>192.168.0.6: IO-LINK Device Port 0: Set Device Mode IOL_eDeviceMode_SIO Result: IOL_eErrorInfo_NONE</Text>
          <State>enSTE_OK</State>
        </Line>
        <Line>
          <Time>17:35:43,382</Time>
          <Text>192.168.0.6: IO-LINK Device Set Wireshark</Text>
          <State>enSTE_OK</State>
        </Line>
        <Line>
          <Time>17:35:43,383</Time>
          <Text>192.168.0.6: IO-LINK Device Port 0: Set TestCase</Text>
          <State>enSTE_OK</State>
        </Line>
        <Line>
          <Time>17:35:43,383</Time>
          <Text>Start Master</Text>
          <State>enSTE_OK</State>
        </Line>
        <Line>
          <Time>17:35:43,383</Time>
          <Text>Target Mode: IOL_eTargetMode_AUTOCOM</Text>
          <State>enSTE_OK</State>
        </Line>
        <Line>
          <Time>17:35:43,384</Time>
          <Text>Inspection: IOL_eInspectionLevel_NO_CHECK</Text>
          <State>enSTE_OK</State>
        </Line>
        <Line>
          <Time>17:35:43,397</Time>
          <Text>192.168.0.6: IO-LINK Device Mode Ind 0: Mode IOL_eDeviceMode_ESTABCOM</Text>
          <State>enSTE_OK</State>
        </Line>
        <Line>
          <Time>17:35:43,399</Time>
          <Text>192.168.0.6: IO-LINK Device Mode Ind 0: Mode IOL_eDeviceMode_COMx</Text>
          <State>enSTE_OK</State>
        </Line>
        <Line>
          <Time>17:35:43,399</Time>
          <Text>192.168.0.6: IO-LINK Device Mode Ind 0: Mode IOL_eDeviceMode_STARTUP</Text>
          <State>enSTE_OK</State>
        </Line>
        <Line>
          <Time>17:35:43,531</Time>
          <Text>192.168.0.6: IO-LINK Device Mode Ind 0: Mode IOL_eDeviceMode_OPERATE</Text>
          <State>enSTE_OK</State>
        </Line>
        <Line>
          <Time>17:35:43,572</Time>
          <Text>192.168.0.6: IO-LINK Device Port 0: AL Read Index 21 Subindex 0</Text>
          <State>enSTE_OK</State>
        </Line>
        <Line>
          <Time>17:35:43,573</Time>
          <Text>192.168.0.6: IO-LINK Device Port 0: AL Read Res: 0</Text>
          <State>enSTE_OK</State>
        </Line>
        <Line>
          <Time>17:35:43,942</Time>
          <Text>192.168.0.6: IO-LINK Device Port 0: Set Input Res Valid: True</Text>
          <State>enSTE_OK</State>
        </Line>
        <Line>
          <Time>17:35:43,943</Time>
          <Text>Set Input Data 1 Bytes. Valid: True</Text>
          <State>enSTE_OK</State>
        </Line>
        <Line>
          <Time>17:35:44,051</Time>
          <Text>Sleep: 100</Text>
          <State>enSTE_OK</State>
        </Line>
        <Line>
          <Time>17:35:44,065</Time>
          <Text>Get Input Data 1 Bytes. Valid: True</Text>
          <State>enSTE_OK</State>
        </Line>
        <Line>
          <Time>17:35:44,066</Time>
          <Text>192.168.0.6: IO-LINK Device Port 0: Set Input Res Valid: False</Text>
          <State>enSTE_OK</State>
        </Line>
        <Line>
          <Time>17:35:44,066</Time>
          <Text>Set Input Data 1 Bytes. Valid: False</Text>
          <State>enSTE_OK</State>
        </Line>
        <Line>
          <Time>17:35:44,272</Time>
          <Text>Sleep: 200</Text>
          <State>enSTE_OK</State>
        </Line>
        <Line>
          <Time>17:35:44,290</Time>
          <Text>Get Input Data 1 Bytes. Valid: False</Text>
          <State>enSTE_OK</State>
        </Line>
        <Line>
          <Time>17:35:44,491</Time>
          <Text>Stop Communication</Text>
          <State>enSTE_OK</State>
        </Line>
        <Line>
          <Time>17:35:44,530</Time>
          <Text>192.168.0.6: IO-LINK Device Mode Ind 0: Mode IOL_eDeviceMode_IDLE</Text>
          <State>enSTE_OK</State>
        </Line>
        <Line>
          <Time>17:35:44,530</Time>
          <Text>192.168.0.6: IO-LINK Device Port 0: Set Device Mode IOL_eDeviceMode_IDLE Result: IOL_eErrorInfo_NONE</Text>
          <State>enSTE_OK</State>
        </Line>
        <Line>
          <Time>17:35:44,531</Time>
          <Text>192.168.0.6: IO-LINK Device Port 0: Set Device Mode IOL_eDeviceMode_SIO Result: IOL_eErrorInfo_NONE</Text>
          <State>enSTE_OK</State>
        </Line>
        <Line>
          <Time>17:35:44,532</Time>
          <Text>192.168.0.6: IO-LINK Device Mode Ind 0: Mode IOL_eDeviceMode_SIO</Text>
          <State>enSTE_OK</State>
        </Line>
        <Line>
          <Time>17:35:44,813</Time>
          <Text>192.168.0.6: IO-LINK Device Mode Ind 0: Mode IOL_eDeviceMode_IDLE</Text>
          <State>enSTE_OK</State>
        </Line>
        <Line>
          <Time>17:35:44,814</Time>
          <Text>192.168.0.6: IO-LINK Device Port 0: Set Device Mode IOL_eDeviceMode_SIO Result: IOL_eErrorInfo_NONE</Text>
          <State>enSTE_OK</State>
        </Line>
        <Line>
          <Time>17:35:44,814</Time>
          <Text>192.168.0.6: IO-LINK Device Mode Ind 0: Mode IOL_eDeviceMode_SIO</Text>
          <State>enSTE_OK</State>
        </Line>
        <Line>
          <Time>17:35:45,137</Time>
          <Text>192.168.0.6: IO-LINK Device Set Wireshark</Text>
          <State>enSTE_OK</State>
        </Line>
        <Line>
          <Time>17:35:45,139</Time>
          <Text>Start Line Analyzer</Text>
          <State>enSTE_OK</State>
        </Line>
        <Line>
          <Time>17:35:45,139</Time>
          <Text>Found Pattern: Info ChangeToOperate</Text>
          <State>enSTE_OK</State>
        </Line>
        <Line>
          <Time>17:35:45,139</Time>
          <Text>Found Pattern: Info ISDUStart</Text>
          <State>enSTE_OK</State>
        </Line>
        <Line>
          <Time>17:35:45,140</Time>
          <Text>Found Pattern: Event Write 0 Value: 0 after 20,0001 ms</Text>
          <State>enSTE_OK</State>
        </Line>
        <Line>
          <Time>17:35:45,140</Time>
          <Text>Found Pattern: Info EventFlagCleared</Text>
          <State>enSTE_OK</State>
        </Line>
        <Line>
          <Time>17:35:45,141</Time>
          <Text>Test finished without Errors -&gt; passed</Text>
          <State>enSTE_OK</State>
        </Line>
        <Line>
          <Time>17:35:45,142</Time>
          <Text>192.168.0.6: IO-LINK Device Set Abort Listener</Text>
          <State>enSTE_OK</State>
        </Line>
        <Line>
          <Time>17:35:45,142</Time>
          <Text>192.168.0.6: IO-LINK Device Set Read Listener</Text>
          <State>enSTE_OK</State>
        </Line>
        <Line>
          <Time>17:35:45,142</Time>
          <Text>192.168.0.6: IO-LINK Device Set Write Listener</Text>
          <State>enSTE_OK</State>
        </Line>
        <Line>
          <Time>17:35:45,143</Time>
          <Text>192.168.0.6: IO-LINK Device Set Mode Listener</Text>
          <State>enSTE_OK</State>
        </Line>
        <Line>
          <Time>17:35:45,143</Time>
          <Text>192.168.0.6: IO-LINK Device Port 0: Set TestCase</Text>
          <State>enSTE_OK</State>
        </Line>
        <Line>
          <Time>17:35:45,154</Time>
          <Text>Finished Test: Test SDCI_TC_0290 - Legacy input invalid event</Text>
          <State>enSTE_OK</State>
        </Line>
      </Lines>
    </Test>
    <Test Number="SDCI_TC_0291">
      <Name>Legacy input valid event</Name>
      <Description>Master acknowledges PD_valid Event and propagates PD </Description>
      <Finished>True</Finished>
      <Lines>
        <Line>
          <Time>17:35:45,154</Time>
          <Text>_________Start Test: Test SDCI_TC_0291 - Legacy input valid event</Text>
          <State>enSTE_OK</State>
        </Line>
        <Line>
          <Time>17:35:45,155</Time>
          <Text>Set Device Parameter</Text>
          <State>enSTE_OK</State>
        </Line>
        <Line>
          <Time>17:35:45,155</Time>
          <Text>Device Revision: 16</Text>
          <State>enSTE_OK</State>
        </Line>
        <Line>
          <Time>17:35:45,155</Time>
          <Text>192.168.0.6: IO-LINK Device Mode Ind 0: Mode IOL_eDeviceMode_IDLE</Text>
          <State>enSTE_OK</State>
        </Line>
        <Line>
          <Time>17:35:45,155</Time>
          <Text>192.168.0.6: IO-LINK Device Port 0: Set Device Mode IOL_eDeviceMode_IDLE Result: IOL_eErrorInfo_NONE</Text>
          <State>enSTE_OK</State>
        </Line>
        <Line>
          <Time>17:35:45,155</Time>
          <Text>192.168.0.6: IO-LINK Device Port 0: Set Device Mode IOL_eDeviceMode_SIO Result: IOL_eErrorInfo_NONE</Text>
          <State>enSTE_OK</State>
        </Line>
        <Line>
          <Time>17:35:45,155</Time>
          <Text>192.168.0.6: IO-LINK Device Port 0: Init Result IOL_eErrorInfo_NONE</Text>
          <State>enSTE_OK</State>
        </Line>
        <Line>
          <Time>17:35:45,156</Time>
          <Text>192.168.0.6: IO-LINK Device Mode Ind 0: Mode IOL_eDeviceMode_SIO</Text>
          <State>enSTE_OK</State>
        </Line>
        <Line>
          <Time>17:35:45,156</Time>
          <Text>192.168.0.6: IO-LINK Device Mode Ind 0: Mode IOL_eDeviceMode_SIO</Text>
          <State>enSTE_OK</State>
        </Line>
        <Line>
          <Time>17:35:45,156</Time>
          <Text>192.168.0.6: IO-LINK Device Port 0: Set Device Mode IOL_eDeviceMode_SIO Result: IOL_eErrorInfo_NONE</Text>
          <State>enSTE_OK</State>
        </Line>
        <Line>
          <Time>17:35:45,157</Time>
          <Text>192.168.0.6: IO-LINK Device Set Wireshark</Text>
          <State>enSTE_OK</State>
        </Line>
        <Line>
          <Time>17:35:45,158</Time>
          <Text>192.168.0.6: IO-LINK Device Port 0: Set TestCase</Text>
          <State>enSTE_OK</State>
        </Line>
        <Line>
          <Time>17:35:45,158</Time>
          <Text>Start Master</Text>
          <State>enSTE_OK</State>
        </Line>
        <Line>
          <Time>17:35:45,158</Time>
          <Text>Target Mode: IOL_eTargetMode_AUTOCOM</Text>
          <State>enSTE_OK</State>
        </Line>
        <Line>
          <Time>17:35:45,158</Time>
          <Text>Inspection: IOL_eInspectionLevel_NO_CHECK</Text>
          <State>enSTE_OK</State>
        </Line>
        <Line>
          <Time>17:35:45,172</Time>
          <Text>192.168.0.6: IO-LINK Device Mode Ind 0: Mode IOL_eDeviceMode_ESTABCOM</Text>
          <State>enSTE_OK</State>
        </Line>
        <Line>
          <Time>17:35:45,174</Time>
          <Text>192.168.0.6: IO-LINK Device Mode Ind 0: Mode IOL_eDeviceMode_COMx</Text>
          <State>enSTE_OK</State>
        </Line>
        <Line>
          <Time>17:35:45,174</Time>
          <Text>192.168.0.6: IO-LINK Device Mode Ind 0: Mode IOL_eDeviceMode_STARTUP</Text>
          <State>enSTE_OK</State>
        </Line>
        <Line>
          <Time>17:35:45,306</Time>
          <Text>192.168.0.6: IO-LINK Device Mode Ind 0: Mode IOL_eDeviceMode_OPERATE</Text>
          <State>enSTE_OK</State>
        </Line>
        <Line>
          <Time>17:35:45,348</Time>
          <Text>192.168.0.6: IO-LINK Device Port 0: AL Read Index 21 Subindex 0</Text>
          <State>enSTE_OK</State>
        </Line>
        <Line>
          <Time>17:35:45,349</Time>
          <Text>192.168.0.6: IO-LINK Device Port 0: AL Read Res: 0</Text>
          <State>enSTE_OK</State>
        </Line>
        <Line>
          <Time>17:35:45,738</Time>
          <Text>192.168.0.6: IO-LINK Device Port 0: Set Input Res Valid: False</Text>
          <State>enSTE_OK</State>
        </Line>
        <Line>
          <Time>17:35:45,738</Time>
          <Text>Set Input Data 1 Bytes. Valid: False</Text>
          <State>enSTE_OK</State>
        </Line>
        <Line>
          <Time>17:35:45,944</Time>
          <Text>Sleep: 200</Text>
          <State>enSTE_OK</State>
        </Line>
        <Line>
          <Time>17:35:45,954</Time>
          <Text>Get Input Data 1 Bytes. Valid: False</Text>
          <State>enSTE_OK</State>
        </Line>
        <Line>
          <Time>17:35:45,954</Time>
          <Text>192.168.0.6: IO-LINK Device Port 0: Set Input Res Valid: True</Text>
          <State>enSTE_OK</State>
        </Line>
        <Line>
          <Time>17:35:45,954</Time>
          <Text>Set Input Data 1 Bytes. Valid: True</Text>
          <State>enSTE_OK</State>
        </Line>
        <Line>
          <Time>17:35:46,163</Time>
          <Text>Sleep: 200</Text>
          <State>enSTE_OK</State>
        </Line>
        <Line>
          <Time>17:35:46,178</Time>
          <Text>Get Input Data 1 Bytes. Valid: True</Text>
          <State>enSTE_OK</State>
        </Line>
        <Line>
          <Time>17:35:46,381</Time>
          <Text>Stop Communication</Text>
          <State>enSTE_OK</State>
        </Line>
        <Line>
          <Time>17:35:46,418</Time>
          <Text>192.168.0.6: IO-LINK Device Mode Ind 0: Mode IOL_eDeviceMode_IDLE</Text>
          <State>enSTE_OK</State>
        </Line>
        <Line>
          <Time>17:35:46,418</Time>
          <Text>192.168.0.6: IO-LINK Device Port 0: Set Device Mode IOL_eDeviceMode_IDLE Result: IOL_eErrorInfo_NONE</Text>
          <State>enSTE_OK</State>
        </Line>
        <Line>
          <Time>17:35:46,419</Time>
          <Text>192.168.0.6: IO-LINK Device Port 0: Set Device Mode IOL_eDeviceMode_SIO Result: IOL_eErrorInfo_NONE</Text>
          <State>enSTE_OK</State>
        </Line>
        <Line>
          <Time>17:35:46,419</Time>
          <Text>192.168.0.6: IO-LINK Device Mode Ind 0: Mode IOL_eDeviceMode_SIO</Text>
          <State>enSTE_OK</State>
        </Line>
        <Line>
          <Time>17:35:46,699</Time>
          <Text>192.168.0.6: IO-LINK Device Mode Ind 0: Mode IOL_eDeviceMode_IDLE</Text>
          <State>enSTE_OK</State>
        </Line>
        <Line>
          <Time>17:35:46,700</Time>
          <Text>192.168.0.6: IO-LINK Device Port 0: Set Device Mode IOL_eDeviceMode_SIO Result: IOL_eErrorInfo_NONE</Text>
          <State>enSTE_OK</State>
        </Line>
        <Line>
          <Time>17:35:46,700</Time>
          <Text>192.168.0.6: IO-LINK Device Mode Ind 0: Mode IOL_eDeviceMode_SIO</Text>
          <State>enSTE_OK</State>
        </Line>
        <Line>
          <Time>17:35:47,034</Time>
          <Text>192.168.0.6: IO-LINK Device Set Wireshark</Text>
          <State>enSTE_OK</State>
        </Line>
        <Line>
          <Time>17:35:47,035</Time>
          <Text>Start Line Analyzer</Text>
          <State>enSTE_OK</State>
        </Line>
        <Line>
          <Time>17:35:47,036</Time>
          <Text>Found Pattern: Info ChangeToOperate</Text>
          <State>enSTE_OK</State>
        </Line>
        <Line>
          <Time>17:35:47,036</Time>
          <Text>Found Pattern: Event Read 0 Value: 64</Text>
          <State>enSTE_OK</State>
        </Line>
        <Line>
          <Time>17:35:47,036</Time>
          <Text>Found Pattern: Event Write 0 Value: 0 after 19,9889 ms</Text>
          <State>enSTE_OK</State>
        </Line>
        <Line>
          <Time>17:35:47,036</Time>
          <Text>Found Pattern: Info EventFlagCleared</Text>
          <State>enSTE_OK</State>
        </Line>
        <Line>
          <Time>17:35:47,036</Time>
          <Text>Test finished without Errors -&gt; passed</Text>
          <State>enSTE_OK</State>
        </Line>
        <Line>
          <Time>17:35:47,037</Time>
          <Text>192.168.0.6: IO-LINK Device Set Abort Listener</Text>
          <State>enSTE_OK</State>
        </Line>
        <Line>
          <Time>17:35:47,037</Time>
          <Text>192.168.0.6: IO-LINK Device Set Read Listener</Text>
          <State>enSTE_OK</State>
        </Line>
        <Line>
          <Time>17:35:47,038</Time>
          <Text>192.168.0.6: IO-LINK Device Set Write Listener</Text>
          <State>enSTE_OK</State>
        </Line>
        <Line>
          <Time>17:35:47,038</Time>
          <Text>192.168.0.6: IO-LINK Device Set Mode Listener</Text>
          <State>enSTE_OK</State>
        </Line>
        <Line>
          <Time>17:35:47,038</Time>
          <Text>192.168.0.6: IO-LINK Device Port 0: Set TestCase</Text>
          <State>enSTE_OK</State>
        </Line>
        <Line>
          <Time>17:35:47,042</Time>
          <Text>Finished Test: Test SDCI_TC_0291 - Legacy input valid event</Text>
          <State>enSTE_OK</State>
        </Line>
      </Lines>
    </Test>
  </Tests>
</TestReport>