﻿<?xml version="1.0" encoding="UTF-8" standalone="yes"?>
<?xml-stylesheet href="testLogFile.xsl" type="text/xsl"?>
<TestReport>
  <Name>Testspec 8.07 - Operate</Name>
  <StartTime>01.06.2021 17:27:56</StartTime>
  <EndTime>01.06.2021 17:28:02</EndTime>
  <Tests>
    <Test Number="GE 0000">
      <Name>Test-Tool-Version</Name>
      <Description>Notes the version of the Test-Tool in the LogFile</Description>
      <Finished>True</Finished>
      <Lines>
        <Line>
          <Time>17:27:56,836</Time>
          <Text>_________Start Test: Test GE 0000 - Test-Tool-Version</Text>
          <State>enSTE_OK</State>
        </Line>
        <Line>
          <Time>17:27:56,836</Time>
          <Text>Version of the Test-Tool: 1.0.1.0.673921076</Text>
          <State>enSTE_OK</State>
        </Line>
        <Line>
          <Time>17:27:56,836</Time>
          <Text>Master Stack Version: 0.0.0.0</Text>
          <State>enSTE_OK</State>
        </Line>
        <Line>
          <Time>17:27:56,836</Time>
          <Text>Master App Version: 0.0.0</Text>
          <State>enSTE_OK</State>
        </Line>
        <Line>
          <Time>17:27:56,836</Time>
          <Text>Master Hardware Version: 0.0</Text>
          <State>enSTE_OK</State>
        </Line>
        <Line>
          <Time>17:27:56,837</Time>
          <Text>192.168.0.6: IO-LINK Device: Get Version</Text>
          <State>enSTE_OK</State>
        </Line>
        <Line>
          <Time>17:27:56,837</Time>
          <Text>Device Stack Version: 1.0.1.52800</Text>
          <State>enSTE_OK</State>
        </Line>
        <Line>
          <Time>17:27:56,837</Time>
          <Text>Device App Version: 1.1.3462478820</Text>
          <State>enSTE_OK</State>
        </Line>
        <Line>
          <Time>17:27:56,837</Time>
          <Text>Device Hardware Version: 102.0</Text>
          <State>enSTE_OK</State>
        </Line>
        <Line>
          <Time>17:27:56,837</Time>
          <Text>Finished Test: Test GE 0000 - Test-Tool-Version</Text>
          <State>enSTE_OK</State>
        </Line>
      </Lines>
    </Test>
    <Test Number="GE 0001">
      <Name>Init</Name>
      <Description>Init Hardware</Description>
      <Finished>True</Finished>
      <Lines>
        <Line>
          <Time>17:27:56,837</Time>
          <Text>_________Start Test: Test GE 0001 - Init</Text>
          <State>enSTE_OK</State>
        </Line>
        <Line>
          <Time>17:27:56,837</Time>
          <Text>Set Master Ports to inactive</Text>
          <State>enSTE_OK</State>
        </Line>
        <Line>
          <Time>17:27:57,152</Time>
          <Text>192.168.0.6: IO-LINK Device Set Wireshark</Text>
          <State>enSTE_OK</State>
        </Line>
        <Line>
          <Time>17:27:58,167</Time>
          <Text>Set Device Ports to inactive</Text>
          <State>enSTE_OK</State>
        </Line>
        <Line>
          <Time>17:27:58,168</Time>
          <Text>192.168.0.6: IO-LINK Device Port 0: Set Device Mode IOL_eDeviceMode_IDLE Result: IOL_eErrorInfo_NONE</Text>
          <State>enSTE_OK</State>
        </Line>
        <Line>
          <Time>17:27:58,168</Time>
          <Text>192.168.0.6: IO-LINK Device Mode Ind 0: Mode IOL_eDeviceMode_IDLE</Text>
          <State>enSTE_OK</State>
        </Line>
        <Line>
          <Time>17:27:58,168</Time>
          <Text>192.168.0.6: IO-LINK Device Port 0: Init Result IOL_eErrorInfo_NONE</Text>
          <State>enSTE_OK</State>
        </Line>
        <Line>
          <Time>17:27:58,168</Time>
          <Text>192.168.0.6: IO-LINK Device Port 0: Set Device Mode IOL_eDeviceMode_SIO Result: IOL_eErrorInfo_NONE</Text>
          <State>enSTE_OK</State>
        </Line>
        <Line>
          <Time>17:27:58,168</Time>
          <Text>192.168.0.6: IO-LINK Device Mode Ind 0: Mode IOL_eDeviceMode_SIO</Text>
          <State>enSTE_OK</State>
        </Line>
        <Line>
          <Time>17:27:58,168</Time>
          <Text>192.168.0.6: IO-LINK Device Port 0: Set TestCase</Text>
          <State>enSTE_OK</State>
        </Line>
        <Line>
          <Time>17:27:58,169</Time>
          <Text>192.168.0.6: IO-LINK Device Port 0: Set Input Res Valid: False</Text>
          <State>enSTE_OK</State>
        </Line>
        <Line>
          <Time>17:27:58,169</Time>
          <Text>192.168.0.6: IO-LINK Device Port 1: Set Device Mode IOL_eDeviceMode_IDLE Result: IOL_eErrorInfo_NONE</Text>
          <State>enSTE_OK</State>
        </Line>
        <Line>
          <Time>17:27:58,169</Time>
          <Text>192.168.0.6: IO-LINK Device Mode Ind 1: Mode IOL_eDeviceMode_IDLE</Text>
          <State>enSTE_OK</State>
        </Line>
        <Line>
          <Time>17:27:58,170</Time>
          <Text>192.168.0.6: IO-LINK Device Port 1: Set Device Mode IOL_eDeviceMode_SIO Result: IOL_eErrorInfo_NONE</Text>
          <State>enSTE_OK</State>
        </Line>
        <Line>
          <Time>17:27:58,170</Time>
          <Text>192.168.0.6: IO-LINK Device Mode Ind 1: Mode IOL_eDeviceMode_SIO</Text>
          <State>enSTE_OK</State>
        </Line>
        <Line>
          <Time>17:27:58,170</Time>
          <Text>192.168.0.6: IO-LINK Device Port 1: Init Result IOL_eErrorInfo_NONE</Text>
          <State>enSTE_OK</State>
        </Line>
        <Line>
          <Time>17:27:58,170</Time>
          <Text>192.168.0.6: IO-LINK Device Port 1: Set TestCase</Text>
          <State>enSTE_OK</State>
        </Line>
        <Line>
          <Time>17:27:58,170</Time>
          <Text>192.168.0.6: IO-LINK Device Port 1: Set Input Res Valid: False</Text>
          <State>enSTE_OK</State>
        </Line>
        <Line>
          <Time>17:27:58,171</Time>
          <Text>192.168.0.6: IO-LINK Device Port 2: Set Device Mode IOL_eDeviceMode_IDLE Result: IOL_eErrorInfo_NONE</Text>
          <State>enSTE_OK</State>
        </Line>
        <Line>
          <Time>17:27:58,171</Time>
          <Text>192.168.0.6: IO-LINK Device Mode Ind 2: Mode IOL_eDeviceMode_IDLE</Text>
          <State>enSTE_OK</State>
        </Line>
        <Line>
          <Time>17:27:58,171</Time>
          <Text>192.168.0.6: IO-LINK Device Port 2: Init Result IOL_eErrorInfo_NONE</Text>
          <State>enSTE_OK</State>
        </Line>
        <Line>
          <Time>17:27:58,171</Time>
          <Text>192.168.0.6: IO-LINK Device Port 2: Set Device Mode IOL_eDeviceMode_SIO Result: IOL_eErrorInfo_NONE</Text>
          <State>enSTE_OK</State>
        </Line>
        <Line>
          <Time>17:27:58,171</Time>
          <Text>192.168.0.6: IO-LINK Device Mode Ind 2: Mode IOL_eDeviceMode_SIO</Text>
          <State>enSTE_OK</State>
        </Line>
        <Line>
          <Time>17:27:58,171</Time>
          <Text>192.168.0.6: IO-LINK Device Port 2: Set TestCase</Text>
          <State>enSTE_OK</State>
        </Line>
        <Line>
          <Time>17:27:58,171</Time>
          <Text>192.168.0.6: IO-LINK Device Port 2: Set Input Res Valid: False</Text>
          <State>enSTE_OK</State>
        </Line>
        <Line>
          <Time>17:27:58,683</Time>
          <Text>Set Default Listener</Text>
          <State>enSTE_OK</State>
        </Line>
        <Line>
          <Time>17:27:58,684</Time>
          <Text>192.168.0.6: IO-LINK Device Set Abort Listener</Text>
          <State>enSTE_OK</State>
        </Line>
        <Line>
          <Time>17:27:58,686</Time>
          <Text>192.168.0.6: IO-LINK Device Set Read Listener</Text>
          <State>enSTE_OK</State>
        </Line>
        <Line>
          <Time>17:27:58,686</Time>
          <Text>192.168.0.6: IO-LINK Device Set Write Listener</Text>
          <State>enSTE_OK</State>
        </Line>
        <Line>
          <Time>17:27:58,687</Time>
          <Text>192.168.0.6: IO-LINK Device Set Mode Listener</Text>
          <State>enSTE_OK</State>
        </Line>
        <Line>
          <Time>17:27:58,687</Time>
          <Text>Finished Test: Test GE 0001 - Init</Text>
          <State>enSTE_OK</State>
        </Line>
      </Lines>
    </Test>
    <Test Number="SDCI_TC_0210">
      <Name>OPERATE Type 0 Read</Name>
      <Description>Master to use TYPE_0 to read Index 24 in OPERATE mode (1 OD)</Description>
      <Finished>True</Finished>
      <Lines>
        <Line>
          <Time>17:27:58,687</Time>
          <Text>_________Start Test: Test SDCI_TC_0210 - OPERATE Type 0 Read</Text>
          <State>enSTE_OK</State>
        </Line>
        <Line>
          <Time>17:27:58,687</Time>
          <Text>192.168.0.6: IO-LINK Device Set Read Listener</Text>
          <State>enSTE_OK</State>
        </Line>
        <Line>
          <Time>17:27:58,687</Time>
          <Text>192.168.0.6: IO-LINK Device Set Write Listener</Text>
          <State>enSTE_OK</State>
        </Line>
        <Line>
          <Time>17:27:58,687</Time>
          <Text>Set Device Parameter</Text>
          <State>enSTE_OK</State>
        </Line>
        <Line>
          <Time>17:27:58,687</Time>
          <Text>Device Revision: 17</Text>
          <State>enSTE_OK</State>
        </Line>
        <Line>
          <Time>17:27:58,688</Time>
          <Text>192.168.0.6: IO-LINK Device Port 0: Set Device Mode IOL_eDeviceMode_IDLE Result: IOL_eErrorInfo_NONE</Text>
          <State>enSTE_OK</State>
        </Line>
        <Line>
          <Time>17:27:58,688</Time>
          <Text>192.168.0.6: IO-LINK Device Mode Ind 0: Mode IOL_eDeviceMode_IDLE</Text>
          <State>enSTE_OK</State>
        </Line>
        <Line>
          <Time>17:27:58,688</Time>
          <Text>192.168.0.6: IO-LINK Device Port 0: Init Result IOL_eErrorInfo_NONE</Text>
          <State>enSTE_OK</State>
        </Line>
        <Line>
          <Time>17:27:58,688</Time>
          <Text>192.168.0.6: IO-LINK Device Port 0: Set Device Mode IOL_eDeviceMode_SIO Result: IOL_eErrorInfo_NONE</Text>
          <State>enSTE_OK</State>
        </Line>
        <Line>
          <Time>17:27:58,688</Time>
          <Text>192.168.0.6: IO-LINK Device Mode Ind 0: Mode IOL_eDeviceMode_SIO</Text>
          <State>enSTE_OK</State>
        </Line>
        <Line>
          <Time>17:27:58,689</Time>
          <Text>192.168.0.6: IO-LINK Device Port 0: Set Device Mode IOL_eDeviceMode_SIO Result: IOL_eErrorInfo_NONE</Text>
          <State>enSTE_OK</State>
        </Line>
        <Line>
          <Time>17:27:58,690</Time>
          <Text>192.168.0.6: IO-LINK Device Set Wireshark</Text>
          <State>enSTE_OK</State>
        </Line>
        <Line>
          <Time>17:27:58,691</Time>
          <Text>192.168.0.6: IO-LINK Device Port 0: Set TestCase</Text>
          <State>enSTE_OK</State>
        </Line>
        <Line>
          <Time>17:27:58,691</Time>
          <Text>Start Master</Text>
          <State>enSTE_OK</State>
        </Line>
        <Line>
          <Time>17:27:58,691</Time>
          <Text>Target Mode: IOL_eTargetMode_AUTOCOM</Text>
          <State>enSTE_OK</State>
        </Line>
        <Line>
          <Time>17:27:58,691</Time>
          <Text>Inspection: IOL_eInspectionLevel_NO_CHECK</Text>
          <State>enSTE_OK</State>
        </Line>
        <Line>
          <Time>17:27:58,707</Time>
          <Text>192.168.0.6: IO-LINK Device Mode Ind 0: Mode IOL_eDeviceMode_ESTABCOM</Text>
          <State>enSTE_OK</State>
        </Line>
        <Line>
          <Time>17:27:58,708</Time>
          <Text>192.168.0.6: IO-LINK Device Mode Ind 0: Mode IOL_eDeviceMode_COMx</Text>
          <State>enSTE_OK</State>
        </Line>
        <Line>
          <Time>17:27:58,708</Time>
          <Text>192.168.0.6: IO-LINK Device Mode Ind 0: Mode IOL_eDeviceMode_STARTUP</Text>
          <State>enSTE_OK</State>
        </Line>
        <Line>
          <Time>17:27:58,760</Time>
          <Text>192.168.0.6: IO-LINK Device Mode Ind 0: Mode IOL_eDeviceMode_IDENT_STARTUP</Text>
          <State>enSTE_OK</State>
        </Line>
        <Line>
          <Time>17:27:58,840</Time>
          <Text>192.168.0.6: IO-LINK Device Mode Ind 0: Mode IOL_eDeviceMode_PREOPERATE</Text>
          <State>enSTE_OK</State>
        </Line>
        <Line>
          <Time>17:27:58,853</Time>
          <Text>192.168.0.6: IO-LINK Device Port 0: AL Read Index 21 Subindex 0</Text>
          <State>enSTE_OK</State>
        </Line>
        <Line>
          <Time>17:27:58,854</Time>
          <Text>192.168.0.6: IO-LINK Device Port 0: AL Read Res: 0</Text>
          <State>enSTE_OK</State>
        </Line>
        <Line>
          <Time>17:27:58,953</Time>
          <Text>192.168.0.6: IO-LINK Device Mode Ind 0: Mode IOL_eDeviceMode_OPERATE</Text>
          <State>enSTE_OK</State>
        </Line>
        <Line>
          <Time>17:27:59,095</Time>
          <Text>192.168.0.6: IO-LINK Device Port 0: AL Read Index 24 Subindex 0</Text>
          <State>enSTE_OK</State>
        </Line>
        <Line>
          <Time>17:27:59,095</Time>
          <Text>192.168.0.6: IO-LINK Device Port 0: AL Read Res: 0</Text>
          <State>enSTE_OK</State>
        </Line>
        <Line>
          <Time>17:27:59,136</Time>
          <Text>Read got expected response: IOL_eErrorType_NONE</Text>
          <State>enSTE_OK</State>
        </Line>
        <Line>
          <Time>17:27:59,136</Time>
          <Text>Read Result is as expected</Text>
          <State>enSTE_OK</State>
        </Line>
        <Line>
          <Time>17:27:59,136</Time>
          <Text>Read Value: bf </Text>
          <State>enSTE_OK</State>
        </Line>
        <Line>
          <Time>17:27:59,348</Time>
          <Text>Stop Communication</Text>
          <State>enSTE_OK</State>
        </Line>
        <Line>
          <Time>17:27:59,393</Time>
          <Text>192.168.0.6: IO-LINK Device Mode Ind 0: Mode IOL_eDeviceMode_IDLE</Text>
          <State>enSTE_OK</State>
        </Line>
        <Line>
          <Time>17:27:59,393</Time>
          <Text>192.168.0.6: IO-LINK Device Port 0: Set Device Mode IOL_eDeviceMode_IDLE Result: IOL_eErrorInfo_NONE</Text>
          <State>enSTE_OK</State>
        </Line>
        <Line>
          <Time>17:27:59,393</Time>
          <Text>192.168.0.6: IO-LINK Device Port 0: Set Device Mode IOL_eDeviceMode_SIO Result: IOL_eErrorInfo_NONE</Text>
          <State>enSTE_OK</State>
        </Line>
        <Line>
          <Time>17:27:59,393</Time>
          <Text>192.168.0.6: IO-LINK Device Mode Ind 0: Mode IOL_eDeviceMode_SIO</Text>
          <State>enSTE_OK</State>
        </Line>
        <Line>
          <Time>17:27:59,676</Time>
          <Text>192.168.0.6: IO-LINK Device Mode Ind 0: Mode IOL_eDeviceMode_IDLE</Text>
          <State>enSTE_OK</State>
        </Line>
        <Line>
          <Time>17:27:59,676</Time>
          <Text>192.168.0.6: IO-LINK Device Port 0: Set Device Mode IOL_eDeviceMode_SIO Result: IOL_eErrorInfo_NONE</Text>
          <State>enSTE_OK</State>
        </Line>
        <Line>
          <Time>17:27:59,676</Time>
          <Text>192.168.0.6: IO-LINK Device Mode Ind 0: Mode IOL_eDeviceMode_SIO</Text>
          <State>enSTE_OK</State>
        </Line>
        <Line>
          <Time>17:28:00,006</Time>
          <Text>192.168.0.6: IO-LINK Device Set Wireshark</Text>
          <State>enSTE_OK</State>
        </Line>
        <Line>
          <Time>17:28:00,008</Time>
          <Text>Start Line Analyzer</Text>
          <State>enSTE_OK</State>
        </Line>
        <Line>
          <Time>17:28:00,008</Time>
          <Text>Found Pattern: Info ChangeToOperate</Text>
          <State>enSTE_OK</State>
        </Line>
        <Line>
          <Time>17:28:00,008</Time>
          <Text>Found Pattern: Sequence Change Type_0</Text>
          <State>enSTE_OK</State>
        </Line>
        <Line>
          <Time>17:28:00,008</Time>
          <Text>Found Pattern: ISDU Read Req 24/0</Text>
          <State>enSTE_OK</State>
        </Line>
        <Line>
          <Time>17:28:00,008</Time>
          <Text>Found Pattern: ISDU Read Rsp IOL_eErrorType_NONE Length: 1</Text>
          <State>enSTE_OK</State>
        </Line>
        <Line>
          <Time>17:28:00,008</Time>
          <Text>Test finished without Errors -&gt; passed</Text>
          <State>enSTE_OK</State>
        </Line>
        <Line>
          <Time>17:28:00,008</Time>
          <Text>192.168.0.6: IO-LINK Device Set Abort Listener</Text>
          <State>enSTE_OK</State>
        </Line>
        <Line>
          <Time>17:28:00,009</Time>
          <Text>192.168.0.6: IO-LINK Device Set Read Listener</Text>
          <State>enSTE_OK</State>
        </Line>
        <Line>
          <Time>17:28:00,009</Time>
          <Text>192.168.0.6: IO-LINK Device Set Write Listener</Text>
          <State>enSTE_OK</State>
        </Line>
        <Line>
          <Time>17:28:00,009</Time>
          <Text>192.168.0.6: IO-LINK Device Set Mode Listener</Text>
          <State>enSTE_OK</State>
        </Line>
        <Line>
          <Time>17:28:00,010</Time>
          <Text>192.168.0.6: IO-LINK Device Port 0: Set TestCase</Text>
          <State>enSTE_OK</State>
        </Line>
        <Line>
          <Time>17:28:00,016</Time>
          <Text>Finished Test: Test SDCI_TC_0210 - OPERATE Type 0 Read</Text>
          <State>enSTE_OK</State>
        </Line>
      </Lines>
    </Test>
    <Test Number="SDCI_TC_0211">
      <Name>OPERATE Type 0 Write</Name>
      <Description>Master to use TYPE_0 to write to Index 24 in OPERATE mode (1 OD)</Description>
      <Finished>True</Finished>
      <Lines>
        <Line>
          <Time>17:28:00,016</Time>
          <Text>_________Start Test: Test SDCI_TC_0211 - OPERATE Type 0 Write</Text>
          <State>enSTE_OK</State>
        </Line>
        <Line>
          <Time>17:28:00,017</Time>
          <Text>192.168.0.6: IO-LINK Device Set Read Listener</Text>
          <State>enSTE_OK</State>
        </Line>
        <Line>
          <Time>17:28:00,017</Time>
          <Text>192.168.0.6: IO-LINK Device Set Write Listener</Text>
          <State>enSTE_OK</State>
        </Line>
        <Line>
          <Time>17:28:00,017</Time>
          <Text>Set Device Parameter</Text>
          <State>enSTE_OK</State>
        </Line>
        <Line>
          <Time>17:28:00,017</Time>
          <Text>Device Revision: 17</Text>
          <State>enSTE_OK</State>
        </Line>
        <Line>
          <Time>17:28:00,018</Time>
          <Text>192.168.0.6: IO-LINK Device Port 0: Set Device Mode IOL_eDeviceMode_IDLE Result: IOL_eErrorInfo_NONE</Text>
          <State>enSTE_OK</State>
        </Line>
        <Line>
          <Time>17:28:00,018</Time>
          <Text>192.168.0.6: IO-LINK Device Mode Ind 0: Mode IOL_eDeviceMode_IDLE</Text>
          <State>enSTE_OK</State>
        </Line>
        <Line>
          <Time>17:28:00,018</Time>
          <Text>192.168.0.6: IO-LINK Device Port 0: Init Result IOL_eErrorInfo_NONE</Text>
          <State>enSTE_OK</State>
        </Line>
        <Line>
          <Time>17:28:00,018</Time>
          <Text>192.168.0.6: IO-LINK Device Port 0: Set Device Mode IOL_eDeviceMode_SIO Result: IOL_eErrorInfo_NONE</Text>
          <State>enSTE_OK</State>
        </Line>
        <Line>
          <Time>17:28:00,018</Time>
          <Text>192.168.0.6: IO-LINK Device Mode Ind 0: Mode IOL_eDeviceMode_SIO</Text>
          <State>enSTE_OK</State>
        </Line>
        <Line>
          <Time>17:28:00,018</Time>
          <Text>192.168.0.6: IO-LINK Device Port 0: Set Device Mode IOL_eDeviceMode_SIO Result: IOL_eErrorInfo_NONE</Text>
          <State>enSTE_OK</State>
        </Line>
        <Line>
          <Time>17:28:00,020</Time>
          <Text>192.168.0.6: IO-LINK Device Set Wireshark</Text>
          <State>enSTE_OK</State>
        </Line>
        <Line>
          <Time>17:28:00,021</Time>
          <Text>192.168.0.6: IO-LINK Device Port 0: Set TestCase</Text>
          <State>enSTE_OK</State>
        </Line>
        <Line>
          <Time>17:28:00,021</Time>
          <Text>Start Master</Text>
          <State>enSTE_OK</State>
        </Line>
        <Line>
          <Time>17:28:00,021</Time>
          <Text>Target Mode: IOL_eTargetMode_AUTOCOM</Text>
          <State>enSTE_OK</State>
        </Line>
        <Line>
          <Time>17:28:00,021</Time>
          <Text>Inspection: IOL_eInspectionLevel_NO_CHECK</Text>
          <State>enSTE_OK</State>
        </Line>
        <Line>
          <Time>17:28:00,035</Time>
          <Text>192.168.0.6: IO-LINK Device Mode Ind 0: Mode IOL_eDeviceMode_ESTABCOM</Text>
          <State>enSTE_OK</State>
        </Line>
        <Line>
          <Time>17:28:00,037</Time>
          <Text>192.168.0.6: IO-LINK Device Mode Ind 0: Mode IOL_eDeviceMode_COMx</Text>
          <State>enSTE_OK</State>
        </Line>
        <Line>
          <Time>17:28:00,037</Time>
          <Text>192.168.0.6: IO-LINK Device Mode Ind 0: Mode IOL_eDeviceMode_STARTUP</Text>
          <State>enSTE_OK</State>
        </Line>
        <Line>
          <Time>17:28:00,088</Time>
          <Text>192.168.0.6: IO-LINK Device Mode Ind 0: Mode IOL_eDeviceMode_IDENT_STARTUP</Text>
          <State>enSTE_OK</State>
        </Line>
        <Line>
          <Time>17:28:00,169</Time>
          <Text>192.168.0.6: IO-LINK Device Mode Ind 0: Mode IOL_eDeviceMode_PREOPERATE</Text>
          <State>enSTE_OK</State>
        </Line>
        <Line>
          <Time>17:28:00,182</Time>
          <Text>192.168.0.6: IO-LINK Device Port 0: AL Read Index 21 Subindex 0</Text>
          <State>enSTE_OK</State>
        </Line>
        <Line>
          <Time>17:28:00,183</Time>
          <Text>192.168.0.6: IO-LINK Device Port 0: AL Read Res: 0</Text>
          <State>enSTE_OK</State>
        </Line>
        <Line>
          <Time>17:28:00,332</Time>
          <Text>192.168.0.6: IO-LINK Device Mode Ind 0: Mode IOL_eDeviceMode_OPERATE</Text>
          <State>enSTE_OK</State>
        </Line>
        <Line>
          <Time>17:28:00,483</Time>
          <Text>192.168.0.6: IO-LINK Device Port 0: AL Write Index 24 Subindex 0</Text>
          <State>enSTE_OK</State>
        </Line>
        <Line>
          <Time>17:28:00,484</Time>
          <Text>192.168.0.6: IO-LINK Device Port 0: AL Write Res: 0</Text>
          <State>enSTE_OK</State>
        </Line>
        <Line>
          <Time>17:28:00,512</Time>
          <Text>Write Value: bf </Text>
          <State>enSTE_OK</State>
        </Line>
        <Line>
          <Time>17:28:00,722</Time>
          <Text>Stop Communication</Text>
          <State>enSTE_OK</State>
        </Line>
        <Line>
          <Time>17:28:00,896</Time>
          <Text>192.168.0.6: IO-LINK Device Port 0: Set Device Mode IOL_eDeviceMode_IDLE Result: IOL_eErrorInfo_NONE</Text>
          <State>enSTE_OK</State>
        </Line>
        <Line>
          <Time>17:28:00,896</Time>
          <Text>192.168.0.6: IO-LINK Device Mode Ind 0: Mode IOL_eDeviceMode_IDLE</Text>
          <State>enSTE_OK</State>
        </Line>
        <Line>
          <Time>17:28:00,897</Time>
          <Text>192.168.0.6: IO-LINK Device Port 0: Set Device Mode IOL_eDeviceMode_SIO Result: IOL_eErrorInfo_NONE</Text>
          <State>enSTE_OK</State>
        </Line>
        <Line>
          <Time>17:28:00,897</Time>
          <Text>192.168.0.6: IO-LINK Device Mode Ind 0: Mode IOL_eDeviceMode_SIO</Text>
          <State>enSTE_OK</State>
        </Line>
        <Line>
          <Time>17:28:01,054</Time>
          <Text>192.168.0.6: IO-LINK Device Mode Ind 0: Mode IOL_eDeviceMode_IDLE</Text>
          <State>enSTE_OK</State>
        </Line>
        <Line>
          <Time>17:28:01,054</Time>
          <Text>192.168.0.6: IO-LINK Device Port 0: Set Device Mode IOL_eDeviceMode_SIO Result: IOL_eErrorInfo_NONE</Text>
          <State>enSTE_OK</State>
        </Line>
        <Line>
          <Time>17:28:01,054</Time>
          <Text>192.168.0.6: IO-LINK Device Mode Ind 0: Mode IOL_eDeviceMode_SIO</Text>
          <State>enSTE_OK</State>
        </Line>
        <Line>
          <Time>17:28:01,504</Time>
          <Text>192.168.0.6: IO-LINK Device Set Wireshark</Text>
          <State>enSTE_OK</State>
        </Line>
        <Line>
          <Time>17:28:01,507</Time>
          <Text>Start Line Analyzer</Text>
          <State>enSTE_OK</State>
        </Line>
        <Line>
          <Time>17:28:01,508</Time>
          <Text>Found Pattern: Info ChangeToOperate</Text>
          <State>enSTE_OK</State>
        </Line>
        <Line>
          <Time>17:28:01,508</Time>
          <Text>Found Pattern: Sequence Change Type_0</Text>
          <State>enSTE_OK</State>
        </Line>
        <Line>
          <Time>17:28:01,509</Time>
          <Text>Found Pattern: ISDU Write Req 24/0 Length: 1</Text>
          <State>enSTE_OK</State>
        </Line>
        <Line>
          <Time>17:28:01,509</Time>
          <Text>Found Pattern: ISDU Write Rsp IOL_eErrorType_NONE</Text>
          <State>enSTE_OK</State>
        </Line>
        <Line>
          <Time>17:28:01,510</Time>
          <Text>Test finished without Errors -&gt; passed</Text>
          <State>enSTE_OK</State>
        </Line>
        <Line>
          <Time>17:28:01,511</Time>
          <Text>192.168.0.6: IO-LINK Device Set Abort Listener</Text>
          <State>enSTE_OK</State>
        </Line>
        <Line>
          <Time>17:28:01,511</Time>
          <Text>192.168.0.6: IO-LINK Device Set Read Listener</Text>
          <State>enSTE_OK</State>
        </Line>
        <Line>
          <Time>17:28:01,512</Time>
          <Text>192.168.0.6: IO-LINK Device Set Write Listener</Text>
          <State>enSTE_OK</State>
        </Line>
        <Line>
          <Time>17:28:01,512</Time>
          <Text>192.168.0.6: IO-LINK Device Set Mode Listener</Text>
          <State>enSTE_OK</State>
        </Line>
        <Line>
          <Time>17:28:01,513</Time>
          <Text>192.168.0.6: IO-LINK Device Port 0: Set TestCase</Text>
          <State>enSTE_OK</State>
        </Line>
        <Line>
          <Time>17:28:01,520</Time>
          <Text>Finished Test: Test SDCI_TC_0211 - OPERATE Type 0 Write</Text>
          <State>enSTE_OK</State>
        </Line>
      </Lines>
    </Test>
    <Test Number="SDCI_TC_0212">
      <Name>OPERATE Type 1_2 Write</Name>
      <Description>Master to use TYPE_1_2 to write to Index 24 in OPERATE mode (2 OD)</Description>
      <Finished>True</Finished>
      <Lines>
        <Line>
          <Time>17:28:01,520</Time>
          <Text>_________Start Test: Test SDCI_TC_0212 - OPERATE Type 1_2 Write</Text>
          <State>enSTE_OK</State>
        </Line>
        <Line>
          <Time>17:28:01,520</Time>
          <Text>192.168.0.6: IO-LINK Device Set Read Listener</Text>
          <State>enSTE_OK</State>
        </Line>
        <Line>
          <Time>17:28:01,521</Time>
          <Text>192.168.0.6: IO-LINK Device Set Write Listener</Text>
          <State>enSTE_OK</State>
        </Line>
        <Line>
          <Time>17:28:01,521</Time>
          <Text>Set Device Parameter</Text>
          <State>enSTE_OK</State>
        </Line>
        <Line>
          <Time>17:28:01,521</Time>
          <Text>Device Revision: 17</Text>
          <State>enSTE_OK</State>
        </Line>
        <Line>
          <Time>17:28:01,521</Time>
          <Text>192.168.0.6: IO-LINK Device Port 0: Set Device Mode IOL_eDeviceMode_IDLE Result: IOL_eErrorInfo_NONE</Text>
          <State>enSTE_OK</State>
        </Line>
        <Line>
          <Time>17:28:01,521</Time>
          <Text>192.168.0.6: IO-LINK Device Mode Ind 0: Mode IOL_eDeviceMode_IDLE</Text>
          <State>enSTE_OK</State>
        </Line>
        <Line>
          <Time>17:28:01,522</Time>
          <Text>192.168.0.6: IO-LINK Device Port 0: Init Result IOL_eErrorInfo_NONE</Text>
          <State>enSTE_OK</State>
        </Line>
        <Line>
          <Time>17:28:01,522</Time>
          <Text>192.168.0.6: IO-LINK Device Port 0: Set Device Mode IOL_eDeviceMode_SIO Result: IOL_eErrorInfo_NONE</Text>
          <State>enSTE_OK</State>
        </Line>
        <Line>
          <Time>17:28:01,522</Time>
          <Text>192.168.0.6: IO-LINK Device Mode Ind 0: Mode IOL_eDeviceMode_SIO</Text>
          <State>enSTE_OK</State>
        </Line>
        <Line>
          <Time>17:28:01,522</Time>
          <Text>192.168.0.6: IO-LINK Device Port 0: Set Device Mode IOL_eDeviceMode_SIO Result: IOL_eErrorInfo_NONE</Text>
          <State>enSTE_OK</State>
        </Line>
        <Line>
          <Time>17:28:01,523</Time>
          <Text>192.168.0.6: IO-LINK Device Set Wireshark</Text>
          <State>enSTE_OK</State>
        </Line>
        <Line>
          <Time>17:28:01,524</Time>
          <Text>192.168.0.6: IO-LINK Device Port 0: Set TestCase</Text>
          <State>enSTE_OK</State>
        </Line>
        <Line>
          <Time>17:28:01,524</Time>
          <Text>Start Master</Text>
          <State>enSTE_OK</State>
        </Line>
        <Line>
          <Time>17:28:01,524</Time>
          <Text>Target Mode: IOL_eTargetMode_AUTOCOM</Text>
          <State>enSTE_OK</State>
        </Line>
        <Line>
          <Time>17:28:01,524</Time>
          <Text>Inspection: IOL_eInspectionLevel_NO_CHECK</Text>
          <State>enSTE_OK</State>
        </Line>
        <Line>
          <Time>17:28:01,540</Time>
          <Text>192.168.0.6: IO-LINK Device Mode Ind 0: Mode IOL_eDeviceMode_ESTABCOM</Text>
          <State>enSTE_OK</State>
        </Line>
        <Line>
          <Time>17:28:01,541</Time>
          <Text>192.168.0.6: IO-LINK Device Mode Ind 0: Mode IOL_eDeviceMode_COMx</Text>
          <State>enSTE_OK</State>
        </Line>
        <Line>
          <Time>17:28:01,541</Time>
          <Text>192.168.0.6: IO-LINK Device Mode Ind 0: Mode IOL_eDeviceMode_STARTUP</Text>
          <State>enSTE_OK</State>
        </Line>
        <Line>
          <Time>17:28:01,592</Time>
          <Text>192.168.0.6: IO-LINK Device Mode Ind 0: Mode IOL_eDeviceMode_IDENT_STARTUP</Text>
          <State>enSTE_OK</State>
        </Line>
        <Line>
          <Time>17:28:01,672</Time>
          <Text>192.168.0.6: IO-LINK Device Mode Ind 0: Mode IOL_eDeviceMode_PREOPERATE</Text>
          <State>enSTE_OK</State>
        </Line>
        <Line>
          <Time>17:28:01,686</Time>
          <Text>192.168.0.6: IO-LINK Device Port 0: AL Read Index 21 Subindex 0</Text>
          <State>enSTE_OK</State>
        </Line>
        <Line>
          <Time>17:28:01,686</Time>
          <Text>192.168.0.6: IO-LINK Device Port 0: AL Read Res: 0</Text>
          <State>enSTE_OK</State>
        </Line>
        <Line>
          <Time>17:28:01,786</Time>
          <Text>192.168.0.6: IO-LINK Device Mode Ind 0: Mode IOL_eDeviceMode_OPERATE</Text>
          <State>enSTE_OK</State>
        </Line>
        <Line>
          <Time>17:28:01,937</Time>
          <Text>192.168.0.6: IO-LINK Device Port 0: AL Write Index 24 Subindex 0</Text>
          <State>enSTE_OK</State>
        </Line>
        <Line>
          <Time>17:28:01,938</Time>
          <Text>192.168.0.6: IO-LINK Device Port 0: AL Write Res: 0</Text>
          <State>enSTE_OK</State>
        </Line>
        <Line>
          <Time>17:28:01,952</Time>
          <Text>Write Value: aa bf </Text>
          <State>enSTE_OK</State>
        </Line>
        <Line>
          <Time>17:28:02,166</Time>
          <Text>Stop Communication</Text>
          <State>enSTE_OK</State>
        </Line>
        <Line>
          <Time>17:28:02,336</Time>
          <Text>192.168.0.6: IO-LINK Device Mode Ind 0: Mode IOL_eDeviceMode_IDLE</Text>
          <State>enSTE_OK</State>
        </Line>
        <Line>
          <Time>17:28:02,336</Time>
          <Text>192.168.0.6: IO-LINK Device Port 0: Set Device Mode IOL_eDeviceMode_IDLE Result: IOL_eErrorInfo_NONE</Text>
          <State>enSTE_OK</State>
        </Line>
        <Line>
          <Time>17:28:02,337</Time>
          <Text>192.168.0.6: IO-LINK Device Port 0: Set Device Mode IOL_eDeviceMode_SIO Result: IOL_eErrorInfo_NONE</Text>
          <State>enSTE_OK</State>
        </Line>
        <Line>
          <Time>17:28:02,337</Time>
          <Text>192.168.0.6: IO-LINK Device Mode Ind 0: Mode IOL_eDeviceMode_SIO</Text>
          <State>enSTE_OK</State>
        </Line>
        <Line>
          <Time>17:28:02,498</Time>
          <Text>192.168.0.6: IO-LINK Device Mode Ind 0: Mode IOL_eDeviceMode_IDLE</Text>
          <State>enSTE_OK</State>
        </Line>
        <Line>
          <Time>17:28:02,498</Time>
          <Text>192.168.0.6: IO-LINK Device Port 0: Set Device Mode IOL_eDeviceMode_SIO Result: IOL_eErrorInfo_NONE</Text>
          <State>enSTE_OK</State>
        </Line>
        <Line>
          <Time>17:28:02,499</Time>
          <Text>192.168.0.6: IO-LINK Device Mode Ind 0: Mode IOL_eDeviceMode_SIO</Text>
          <State>enSTE_OK</State>
        </Line>
        <Line>
          <Time>17:28:02,950</Time>
          <Text>192.168.0.6: IO-LINK Device Set Wireshark</Text>
          <State>enSTE_OK</State>
        </Line>
        <Line>
          <Time>17:28:02,952</Time>
          <Text>Start Line Analyzer</Text>
          <State>enSTE_OK</State>
        </Line>
        <Line>
          <Time>17:28:02,952</Time>
          <Text>Found Pattern: Info ChangeToOperate</Text>
          <State>enSTE_OK</State>
        </Line>
        <Line>
          <Time>17:28:02,952</Time>
          <Text>Found Pattern: Sequence Change Type_1_2</Text>
          <State>enSTE_OK</State>
        </Line>
        <Line>
          <Time>17:28:02,952</Time>
          <Text>Found Pattern: ISDU Write Req 24/0 Length: 2</Text>
          <State>enSTE_OK</State>
        </Line>
        <Line>
          <Time>17:28:02,952</Time>
          <Text>Found Pattern: ISDU Write Rsp IOL_eErrorType_NONE</Text>
          <State>enSTE_OK</State>
        </Line>
        <Line>
          <Time>17:28:02,952</Time>
          <Text>Test finished without Errors -&gt; passed</Text>
          <State>enSTE_OK</State>
        </Line>
        <Line>
          <Time>17:28:02,953</Time>
          <Text>192.168.0.6: IO-LINK Device Set Abort Listener</Text>
          <State>enSTE_OK</State>
        </Line>
        <Line>
          <Time>17:28:02,953</Time>
          <Text>192.168.0.6: IO-LINK Device Set Read Listener</Text>
          <State>enSTE_OK</State>
        </Line>
        <Line>
          <Time>17:28:02,954</Time>
          <Text>192.168.0.6: IO-LINK Device Set Write Listener</Text>
          <State>enSTE_OK</State>
        </Line>
        <Line>
          <Time>17:28:02,954</Time>
          <Text>192.168.0.6: IO-LINK Device Set Mode Listener</Text>
          <State>enSTE_OK</State>
        </Line>
        <Line>
          <Time>17:28:02,954</Time>
          <Text>192.168.0.6: IO-LINK Device Port 0: Set TestCase</Text>
          <State>enSTE_OK</State>
        </Line>
        <Line>
          <Time>17:28:02,960</Time>
          <Text>Finished Test: Test SDCI_TC_0212 - OPERATE Type 1_2 Write</Text>
          <State>enSTE_OK</State>
        </Line>
      </Lines>
    </Test>
  </Tests>
</TestReport>